airport,flight_number,aircraft_model,aircraft_reg
DEL,AI 2609,Airbus A320 NEO,VT-TQC
DEL,SG 142,Boeing 737-800,VT-MXI
DEL,ZZ 700,,
DEL,AI 2757,Airbus A320 (Sharklets),VT-TNQ
DEL,SQ 403,Airbus A380-800,9V-SKP
DEL,6E 2253,Airbus A320,
DEL,VJ 972,Airbus A330-300,VN-A812
DEL,AA 293,Boeing 787-9,N839AA
DEL,AI 314,Boeing 787-8,VT-TVA
DEL,QF 5292,Airbus A320,
DEL,VS 8761,Airbus A320,
DEL,JL 5194,Airbus A320,
DEL,TK 4731,Airbus A320,
DEL,AA 9185,Airbus A320,
DEL,6E 6787,Airbus A320,
DEL,6E 1707,Airbus A320 NEO,VT-ISR
DEL,SG 185,Boeing 737-900,VT-SLC
DEL,AC 51,Boeing 787-9,C-FRSO
DEL,TG 316,Airbus A350-900,HS-THB
DEL,ZZ 2330,,
DEL,ZZ 2305,,
DEL,AI 302,Boeing 787-8,VT-NAC
DEL,AI 161,Airbus A350-900,VT-JRB
DEL,W5 70,Airbus A340-300,
DEL,AF 225,Boeing 777,F-GSPJ
DEL,KL 2369,Boeing 777-200,
DEL,DL 8293,Boeing 777-200,
DEL,AI 187,Boeing 777-300,VT-ALS
DEL,AI 2885,Airbus A320 NEO,
DEL,6E 2296,Airbus A320,
DEL,AI 2702,Airbus A320 NEO,VT-TNI
DEL,AI 2378,Airbus A320 NEO,VT-EXQ
DEL,AI 3201,Airbus A320 (Sharklets),VT-EXS
DEL,LX 147,Airbus A330,HB-JHL
DEL,6E 2788,Airbus A320,
DEL,BA 8005,Airbus A320,
DEL,6E 6828,Airbus A320,
DEL,VS 9172,Airbus A320,
DEL,AA 9203,Airbus A320,
DEL,AF 3346,Airbus A320,
DEL,6E 2343,Airbus A321 NEO,VT-IBV
DEL,CX 694,Airbus A350-900,B-LRF
DEL,AI 2336,Airbus A320 NEO,VT-EXF
DEL,AI 3207,,
DEL,LH 763,Airbus A380-800,D-AIMH
DEL,AI 3102,,
DEL,ET 687,Boeing 787-9,ET-AYC
DEL,AI 2577,Airbus A320 NEO,VT-TQW
DEL,AI 2147,Airbus A321 NEO,VT-TVG
DEL,G9 464,Airbus A320,A6-AQL
DEL,6E 2358,Airbus A320,VT-ICC
DEL,AF 8440,Boeing 777-300ER,PH-BQC
DEL,KL 872,Boeing 777,PH-BQC
DEL,DL 9491,Boeing 777-300ER,PH-BQC
DEL,BA 142,Airbus A350-1000,G-XWBN
DEL,AI 101,Airbus A350-900,VT-JRH
DEL,KC 964,Airbus A321,EI-KGD
DEL,LH 761,Boeing 747,D-ABVY
DEL,AZ 769,Airbus A330,EI-HJR
DEL,AZ 769,Airbus A330,EI-HJR
DEL,IX 1230,Boeing 737 MAX 8,VT-RNT
DEL,VS 8734,Airbus A320,
DEL,JL 9074,Airbus A320,
DEL,BA 7983,Airbus A320,
DEL,AF 3791,Airbus A320,
DEL,QF 5289,Airbus A320,
DEL,AA 9184,Airbus A320,
DEL,6E 2766,Airbus A321 NEO,VT-NCF
DEL,AI 277,Airbus A320,VT-EDC
DEL,EY 219,Boeing 787-9,
DEL,6E 5103,Airbus A320 NEO,
DEL,IX 1030,,
DEL,EK 513,Boeing 777-300ER,
DEL,J2 58,Airbus A320,
DEL,XY 330,Airbus A320 NEO,HZ-NS46
DEL,6E 5037,Airbus A320,
DEL,TK 4680,Airbus A320 NEO,
DEL,VS 8682,Airbus A320 NEO,
DEL,6E 2308,Airbus A320 NEO,
DEL,JL 9040,Airbus A320 NEO,
DEL,AF 3789,Airbus A320 NEO,
DEL,AA 9201,Airbus A320 NEO,
DEL,VS 8895,Airbus A320 NEO,
DEL,BA 8800,Airbus A320 NEO,
DEL,AF 6074,Airbus A320 NEO,
DEL,TG 332,Airbus A321 NEO,HS-TOA
DEL,6E 6820,Airbus A320 NEO,
DEL,ZZ 415,,
DEL,AI 2025,Boeing 777-200,VT-AEI
DEL,6E 6769,Airbus A321 NEO,VT-IMX
DEL,AI 2653,Airbus A320 NEO,VT-TNE
DEL,AA 9187,Airbus A320,
DEL,6E 2255,Airbus A320,
DEL,JL 9629,Airbus A320,
DEL,VS 8775,Airbus A320,
DEL,QF 8775,Airbus A320,
DEL,AF 3364,Airbus A320,
DEL,QF 5355,Airbus A320,
DEL,JL 9701,Airbus A320,
DEL,BA 8808,Airbus A320,
DEL,6E 2471,Airbus A320 (Sharklets),VT-ITX
DEL,VS 8929,Airbus A320,
DEL,AF 3363,Airbus A320,
DEL,6E 449,Airbus A321 NEO,VT-IWU
DEL,AI 215,Airbus A320,VT-EDF
DEL,AI 147,Boeing 787-8,VT-ANR
DEL,AI 1703,Airbus A320 NEO,
DEL,VS 8368,Airbus A320 NEO,
DEL,QF 8673,Airbus A320 NEO,
DEL,6E 5273,Airbus A320 NEO,VT-IIZ
DEL,JL 9611,Airbus A320 NEO,
DEL,JL 740,Boeing 787-8,JA834J
DEL,AI 308,Boeing 787-8,VT-ANQ
DEL,AI 2469,Airbus A320 NEO,VT-RTT
DEL,6E 23,,
DEL,AI 127,Boeing 777-300,VT-ALQ
DEL,AI 127,Boeing 777-300,VT-ALQ
DEL,6E 508,Boeing 737,TC-TJR
DEL,KB 203,Airbus A319,A5-RGF
DEL,IX 1275,Boeing 737 MAX 8,VT-BXM
DEL,6E 5014,Airbus A320,
DEL,AI 1701,Airbus A320 NEO,VT-TNS
DEL,VS 303,Airbus A350-1000,G-VELJ
DEL,6E 2301,Airbus A320 NEO,
DEL,VS 8677,Airbus A320 NEO,
DEL,VS 8300,Airbus A320,
DEL,AA 9178,Airbus A320,
DEL,AF 6479,Airbus A320,
DEL,JL 8461,Airbus A320,
DEL,QF 5048,Airbus A320,
DEL,6E 6833,Airbus A320,VT-NHH
DEL,VS 8643,Airbus A320,
DEL,6E 6350,Airbus A320,
DEL,QF 5363,Airbus A320,
DEL,JL 9659,Airbus A320,
DEL,AF 3347,Airbus A320,
DEL,BA 8792,Airbus A320,
DEL,AA 9189,Airbus A320,
DEL,6E 2059,Airbus A320 NEO,VT-IPN
DEL,AF 6088,Airbus A320 NEO,
DEL,QF 5391,Airbus A320 NEO,
DEL,6E 6212,Airbus A320 NEO,
DEL,VS 8779,Airbus A320 NEO,
DEL,6E 2275,Airbus A321 NEO,VT-ILG
DEL,AI 1725,Airbus A320 NEO,VT-TNL
DEL,6E 1073,Airbus A320,
DEL,6E 6557,Airbus A321 NEO,VT-IMM
DEL,GF 131,Airbus A320,
DEL,AI 2499,Airbus A321 NEO,VT-TVB
DEL,AI 1745,Airbus A320 NEO,VT-RTY
DEL,6E 5237,Airbus A320 NEO,VT-IXL
DEL,QR 571,Boeing 787-8,
DEL,6E 6720,Airbus A320,
DEL,IX 1057,Airbus A321 NEO,VT-RTC
DEL,IX 1226,Boeing 737 MAX 8,VT-BWE
DEL,AI 2571,Airbus A320 NEO,VT-TNC
DEL,UL 192,Airbus A321,4R-ANF
DEL,AI 2897,Airbus A320 NEO,
DEL,IX 2843,Airbus A320 NEO,
DEL,AI 817,Airbus A321,VT-PPU
DEL,AI 929,Boeing 787-8,
DEL,6E 6692,Airbus A320 NEO,
DEL,QF 5345,Airbus A320 NEO,
DEL,JL 9703,Airbus A320 NEO,
DEL,AF 3359,Airbus A320 NEO,
DEL,VS 9327,Airbus A320 NEO,
DEL,BA 8809,Airbus A320 NEO,
DEL,6E 286,Boeing 737-800,
DEL,SU 233,Boeing 777-300ER,
DEL,6E 2262,Airbus A321 NEO,VT-ICD
DEL,AI 1797,Airbus A320 NEO,VT-RTN
DEL,AI 2883,Airbus A320,VT-CIQ
DEL,SG 121,Boeing 737-700,
DEL,AI 1727,Airbus A320 NEO,VT-RTL
DEL,AI 2409,Airbus A320 NEO,VT-TNF
DEL,QP 1801,Boeing 737,
DEL,VS 8644,Airbus A320,
DEL,JL 9636,Airbus A320,
DEL,AF 3773,Airbus A320,
DEL,6E 6853,Airbus A320,
DEL,ZZ 600,,
DEL,IX 1067,Boeing 737 MAX 8,VT-BWG
DEL,IX 1463,Boeing 737 MAX 8,VT-BXF
DEL,AI 3425,Airbus A320 NEO,VT-EXI
DEL,6E 6218,Airbus A320,
DEL,6E 6686,Boeing 737-800,
DEL,QF 5625,Boeing 737-800,
DEL,VS 8790,Boeing 737-800,
DEL,AA 9192,Boeing 737-800,
DEL,AF 6456,Boeing 737-800,
DEL,6E 6602,Airbus A320,
DEL,VS 9261,Airbus A320,
DEL,AF 3096,Airbus A320,
DEL,MH 5270,Airbus A320 NEO,
DEL,6E 6387,Airbus A320 NEO,
DEL,AF 3352,Airbus A320 NEO,
DEL,VS 8486,Airbus A320 NEO,
DEL,AI 2525,Airbus A320 NEO,VT-TQB
DEL,6E 6362,Airbus A320 NEO,
DEL,AI 415,Airbus A319,
DEL,IX 1228,Airbus A320,
DEL,AI 2975,Airbus A320 NEO,VT-TNH
DEL,AI 1793,Airbus A320 NEO,VT-RTJ
DEL,SG 903,Boeing 737-800,VT-SYZ
DEL,AI 111,Airbus A350-900,VT-JRE
DEL,AF 215,Boeing 777-200,F-GSPL
DEL,QP 1831,,
DEL,6E 1611,Airbus A320 NEO,
DEL,IX 1982,Airbus A320 NEO,VT-RTI
DEL,SG 385,Boeing 737-800,VT-SYJ
DEL,AI 2535,Airbus A320 NEO,
DEL,6E 5133,Airbus A320,
DEL,6E 6346,Airbus A321 NEO,VT-IBM
DEL,6E 11,Airbus A320 NEO,
DEL,AI 2803,Airbus A320 NEO,VT-ATV
DEL,SG 2941,De Havilland Canada DHC-8-400 Dash 8Q,VT-SQB
DEL,6E 6287,Boeing 737-800,
DEL,VS 8881,Boeing 737-800,
DEL,VS 8460,Airbus A320 NEO,
DEL,6E 2411,Airbus A320 NEO,
DEL,AI 1729,Airbus A320 NEO,
DEL,IX 1737,Airbus A321 NEO,VT-RTE
DEL,JL 9050,Airbus A320,
DEL,AF 6464,Airbus A320,
DEL,6E 6796,Airbus A320,
DEL,VS 8395,Airbus A320,
DEL,QF 8770,Airbus A320,
DEL,AA 9188,Airbus A320,
DEL,AI 879,Airbus A321,VT-PPJ
DEL,IX 1108,Airbus A320,
DEL,AI 2815,Airbus A320 NEO,VT-TNK
DEL,AI 3427,,
DEL,6E 5072,Airbus A321 NEO,VT-NHM
DEL,6E 2031,Airbus A320 NEO,VT-IIP
DEL,AI 1715,Airbus A320 NEO,VT-RTX
DEL,6E 5022,Airbus A320,
DEL,VS 8743,Airbus A320,
DEL,QF 5301,Airbus A320,
DEL,JL 9253,Airbus A320,
DEL,AI 2429,Airbus A320 (Sharklets),VT-CIG
DEL,6E 6814,Airbus A320,
DEL,AI 1747,Airbus A320 NEO,VT-RTZ
DEL,AI 1769,Airbus A320 NEO,VT-RTK
DEL,6E 6403,Airbus A321 NEO,VT-NCP
DEL,6E 364,Airbus A320 NEO,VT-IVA
DEL,VS 8287,Airbus A320,
DEL,TK 4676,Airbus A320,
DEL,BA 7921,Airbus A320,
DEL,6E 2033,Airbus A320,
DEL,AI 1767,Airbus A319,
DEL,JL 9266,Airbus A320,
DEL,VS 8877,Airbus A320,
DEL,AF 3345,Airbus A320,
DEL,6E 6718,Airbus A321 NEO,VT-NCL
DEL,AA 9204,Airbus A320,
DEL,AI 2937,Airbus A320 NEO,VT-TQF
DEL,AI 2463,Airbus A320,VT-CID
DEL,J9 410,Airbus A320,
DEL,AI 1743,Airbus A320 (Sharklets),VT-EXL
DEL,IX 1225,Boeing 737 MAX 8,VT-BWX
DEL,AI 2959,Airbus A321 NEO,VT-TVF
DEL,6E 1633,Airbus A320 (Sharklets),VT-IVZ
DEL,6E 6836,Airbus A320,
DEL,JL 9034,Airbus A320,
DEL,VS 8353,Airbus A320,
DEL,QF 5323,Airbus A320,
DEL,AI 2560,Airbus A321 (Sharklets),VT-TNU
DEL,AI 3419,Airbus A320,VT-EXT
DEL,9I 803,ATR 42-300,
DEL,TK 717,Boeing 777-300ER,
DEL,6E 6650,Airbus A321 NEO,VT-ILU
DEL,AI 235,Airbus A320 (Sharklets),VT-EXU
DEL,AI 2705,Airbus A320 NEO,VT-TQM
DEL,T5 532,Boeing 737-800,EZ-A018
DEL,AI 2943,Airbus A320 NEO,VT-TQR
DEL,AF 6461,Boeing 737-800,
DEL,6E 6411,Boeing 737-800,
DEL,VS 9276,Boeing 737-800,
DEL,6E 1461,Airbus A320,
DEL,6E 2316,Airbus A320 NEO,
DEL,ZZ 701,,
DEL,9I 613,ATR 72,VT-RKC
DEL,ZZ 730,,
DEL,IX 135,Airbus A320,
DEL,IX 135,Airbus A320,
DEL,ZZ 800,,
DEL,ZZ 800,,
DEL,6E 1151,Airbus A320 NEO,VT-ISU
DEL,6E 1151,Airbus A320 NEO,VT-ISU
DEL,AI 2833,Airbus A320 (Sharklets),VT-EXK
DEL,6E 2786,Airbus A320,VT-NCS
DEL,AI 2239,Airbus A320,VT-CIO
DEL,IX 1285,Boeing 737 MAX 8,VT-BXJ
DEL,AY 122,Airbus A330-300,OH-LTT
DEL,AI 3423,Airbus A320 NEO,VT-TNM
DEL,6E 2107,Airbus A320 NEO,
DEL,QP 1355,Boeing 737,
DEL,IX 1046,Boeing 737 MAX 8,VT-BWH
DEL,6E 6765,Airbus A320,
DEL,AA 9191,Airbus A320,
DEL,AF 3353,Airbus A320,
DEL,AI 1749,Airbus A320,VT-EXO
DEL,6E 6320,Airbus A320 NEO,
DEL,VS 9288,Airbus A320 NEO,
DEL,IX 1223,Boeing 737 MAX 8,VT-BXQ
DEL,QF 5271,Airbus A320,
DEL,JL 9255,Airbus A320,
DEL,TK 4730,Airbus A320,
DEL,AF 6466,Airbus A320,
DEL,VS 8728,Airbus A320,
DEL,6E 675,Airbus A321 NEO,VT-NCU
DEL,IX 1283,Boeing 737 MAX 8,VT-BXG
DEL,AI 1771,Airbus A320 NEO,VT-RTS
DEL,JL 9655,Airbus A320 NEO,
DEL,VS 8448,Airbus A320 NEO,
DEL,6E 2507,Airbus A320 NEO,
DEL,6E 6327,Airbus A320 NEO,
DEL,AF 6099,Airbus A320 NEO,
DEL,SG 5511,Boeing 737-800,VT-SGV
DEL,6E 5207,Airbus A320,
DEL,VS 9300,Airbus A320,
DEL,6E 7442,ATR 72,
DEL,6E 7483,ATR 72,
DEL,AI 213,Airbus A320,VT-EDE
DEL,AI 2495,Airbus A321 NEO,VT-TVJ
DEL,IX 1012,Airbus A320,
DEL,IX 1979,Airbus A320 NEO,
DEL,6E 2154,Airbus A320 NEO,VT-ISJ
DEL,AI 1765,Airbus A320 NEO,VT-RIO
DEL,AI 495,Airbus A321,VT-PPM
DEL,ZZ 630,,
DEL,6E 5104,Airbus A320 NEO,VT-IPM
DEL,AI 2678,Airbus A320 NEO,VT-TQC
DEL,QP 1719,Boeing 737,
DEL,AI 427,Boeing 787-8,VT-ANU
DEL,6E 1053,Airbus A321 NEO,VT-NCJ
DEL,6E 5063,Airbus A320 NEO,
DEL,AI 2963,Airbus A320 NEO,VT-TNW
DEL,6E 2104,Airbus A320,
DEL,AF 3778,Airbus A320,
DEL,BA 7949,Airbus A320,
DEL,VS 8335,Airbus A320,
DEL,TK 4700,Airbus A320,
DEL,JL 9028,Airbus A320,
DEL,QF 5318,Airbus A320,
DEL,VS 8317,Airbus A320,
DEL,QF 5284,Airbus A320,
DEL,TK 4734,Airbus A320,
DEL,JL 9022,Airbus A320,
DEL,ZZ 930,,
DEL,6E 2157,Airbus A320,
DEL,IX 1032,Boeing 737,
DEL,SG 937,Boeing 737-800,
DEL,QP 1405,Boeing 737,
DEL,6E 6748,Airbus A321 NEO,VT-IMX
DEL,6E 425,Airbus A320,
DEL,TK 4679,Airbus A320 NEO,
DEL,VS 8375,Airbus A320 NEO,
DEL,JL 5299,Airbus A320 NEO,
DEL,6E 163,Airbus A320 NEO,VT-IFK
DEL,QF 5340,Airbus A320 NEO,
DEL,IX 181,Airbus A320,
DEL,6E 1013,Airbus A321 NEO,VT-IWV
DEL,AI 1791,Airbus A320 NEO,VT-RTV
DEL,AI 917,Airbus A320 NEO,
DEL,TK 4717,Airbus A320,
DEL,6E 6608,Airbus A320,VT-NCH
DEL,QF 5047,Airbus A320,
DEL,JL 9014,Airbus A320,
DEL,VS 8310,Airbus A320,
DEL,AI 2415,Airbus A320 NEO,VT-RTM
DEL,6E 6571,Airbus A320 NEO,
DEL,QP 1334,Boeing 737,
DEL,6E 6016,Airbus A320 NEO,
DEL,6E 1901,Airbus A321 NEO,VT-NLA
DEL,VS 8468,Airbus A320,
DEL,JL 9683,Airbus A320,
DEL,BA 8003,Airbus A320,
DEL,6E 2229,Airbus A320,
DEL,TK 4713,Airbus A320,
DEL,AI 2927,Airbus A320 NEO,VT-TNQ
DEL,SG 263,Boeing 737-800,EI-FFC
DEL,AI 421,Boeing 787-8,VT-ANN
DEL,AI 2542,Airbus A320 NEO,VT-TQU
DEL,SQ 401,Boeing 787-10,9V-SCJ
DEL,6E 2373,Airbus A320 NEO,
DEL,6E 5187,Airbus A320 NEO,VT-IPU
DEL,SG 130,Boeing 737-900,VT-SLC
DEL,IX 163,Airbus A320 NEO,VT-ATJ
DEL,IX 1294,Airbus A320 NEO,VT-ATG
DEL,AI 4205,Airbus A320 NEO,VT-TQL
DEL,AI 2467,Airbus A320 NEO,VT-TQQ
DEL,AI 2355,Airbus A321 (Sharklets),VT-EXJ
DEL,IX 6603,Airbus A320 (Sharklets),VT-EXA
DEL,6E 6328,Airbus A320,
DEL,6E 5347,Airbus A320 NEO,VT-IJZ
DEL,WY 242,Boeing 737-800,A4O-BAE
DEL,IX 1083,Boeing 737 MAX 8,VT-BWP
DEL,6E 1153,Airbus A320,VT-IZE
DEL,QF 5346,Airbus A320,
DEL,6E 6740,Airbus A321 NEO,VT-ILH
DEL,JL 5292,Airbus A320,
DEL,BA 8808,Airbus A320,
DEL,VS 8288,Airbus A320,
DEL,AI 173,Boeing 777-300ER,
DEL,6E 6605,Airbus A320,
DEL,BA 8784,Airbus A320,
DEL,VS 8684,Airbus A320,
DEL,QF 5389,Airbus A320,
DEL,SG 661,Boeing 737-800,
DEL,QP 1411,Boeing 737,
DEL,AF 6460,Airbus A320,
DEL,JL 9617,Airbus A320,
DEL,AA 9180,Airbus A320,
DEL,VS 8765,Airbus A320,
DEL,6E 6455,Airbus A321 NEO,VT-IME
DEL,6E 608,,
DEL,SG 123,Boeing 737-700,VT-SLB
DEL,ET 689,Boeing 777-200,ET-ANQ
DEL,AI 1763,Airbus A320 NEO,VT-TNS
DEL,6E 2120,Airbus A320 NEO,
DEL,6E 2136,Airbus A321 NEO,VT-NCT
DEL,AI 2859,Airbus A320 NEO,
DEL,6E 6757,Airbus A320,
DEL,IX 1035,Boeing 737 MAX 8,VT-BXB
DEL,6E 173,Airbus A320,VT-NHD
DEL,AI 2425,Airbus A320 NEO,VT-TQS
DEL,AI 2485,Airbus A320 NEO,VT-EXI
DEL,AI 1795,Airbus A319,VT-SCR
DEL,SG 2939,De Havilland Canada DHC-8-400 Dash 8Q,VT-SQB
DEL,6E 6019,Airbus A321 NEO,VT-NCK
DEL,EK 511,Boeing 777-300ER,
DEL,AI 1741,Airbus A320 NEO,VT-TNL
DEL,AI 2115,Airbus A321 NEO,VT-TVB
DEL,AI 2627,Airbus A320 NEO,VT-TQK
DEL,6E 6559,Airbus A320 NEO,VT-IQS
DEL,6E 5363,Airbus A320 NEO,VT-IPY
DEL,6E 6669,Airbus A320,
DEL,VS 9306,Airbus A320,
DEL,AI 2523,Airbus A320 NEO,VT-TQT
DEL,QP 1607,Boeing 737,
DEL,AI 2995,Airbus A320 NEO,VT-TNX
DEL,AI 1723,Airbus A320 NEO,
DEL,8M 621,Airbus A319,XY-ALN
DEL,JL 9685,Airbus A320,
DEL,VS 8887,Airbus A320,
DEL,6E 6239,Airbus A321 NEO,VT-NCD
DEL,TK 8433,Airbus A320,
DEL,ZZ 1030,,
DEL,6E 6667,Airbus A320,
DEL,6E 2198,,
DEL,FZ 442,Boeing 737-800,A6-FEV
DEL,AI 2945,Airbus A320 NEO,VT-TQX
DEL,6E 6824,Boeing 737,TC-TJR
DEL,AI 2332,Airbus A320,VT-CIN
DEL,BA 256,Airbus A350-1000,G-XWBK
DEL,6E 6855,Airbus A320,
DEL,MH 5610,Airbus A320,
DEL,6E 2334,Airbus A321 NEO,VT-IBH
DEL,JL 9723,Airbus A320,
DEL,AF 3787,Airbus A320,
DEL,VS 9338,Airbus A320,
DEL,IX 2152,Airbus A320 NEO,VT-RTI
DEL,6E 2379,Airbus A320 NEO,
DEL,6E 2314,Airbus A320 NEO,VT-IPO
DEL,AI 185,Boeing 777-300ER,VT-ALX
DEL,IX 1271,Boeing 737,
DEL,AI 1739,Airbus A320 NEO,
DEL,AI 491,Airbus A321,VT-PPU
DEL,TG 324,Airbus A320 (Sharklets),HS-TXG
DEL,ZZ 1130,,
DEL,SG 495,Boeing 737-800,VT-SYZ
DEL,AI 1721,Airbus A320 NEO,VT-RTW
DEL,DL 5949,Airbus A350-1000,
DEL,VS 301,Airbus A350-1000,G-VNVR
DEL,6E 765,Airbus A320 NEO,VT-IQK
DEL,AI 189,Boeing 777-300,VT-ALN
DEL,6E 6047,Airbus A320,
DEL,QP 1625,Boeing 737,
BLR,6E 1419,Airbus A320,
BLR,AI 2758,Airbus A320 (Sharklets),VT-EXL
BLR,BZ 304,Boeing 757-200,VT-BDN
BLR,6E 77,Airbus A320 NEO,VT-IQU
BLR,MH 193,Boeing 737-800,9M-MLS
BLR,BZ 102,Boeing 757-200,VT-BDB
BLR,6E 6563,Airbus A321 NEO,VT-ILJ
BLR,6E 1605,Airbus A320 NEO,VT-IOL
BLR,TG 326,Boeing 787-9,HS-TWB
BLR,CX 624,Airbus A350-900,B-LRJ
BLR,AI 2858,Airbus A320,VT-EXV
BLR,KL 880,Boeing 787-10,PH-BKD
BLR,G9 497,Airbus A320,A6-AOR
BLR,AF 191,Airbus A330-200,F-GZCG
BLR,LH 765,Airbus A350,D-AIVA
BLR,6E 5323,Airbus A321 NEO,VT-NCM
BLR,IX 6640,Boeing 737-800,VT-GHE
BLR,6E 1861,Airbus A320 NEO,VT-IOI
BLR,UL 174,Airbus A321,4R-ANC
BLR,LH 755,Boeing 747,D-ABVZ
BLR,6E 1055,Airbus A321 NEO,VT-NCA
BLR,QR 573,Airbus A350-1000,
BLR,6E 1301,Airbus A320,
BLR,QP 1811,Boeing 737 MAX 8,VT-YBA
BLR,QP 1811,Boeing 737 MAX 8,VT-YBA
BLR,6E 1043,Airbus A321 NEO,VT-ILT
BLR,6E 1043,Airbus A321 NEO,VT-ILT
BLR,IX 2873,Boeing 737 MAX 8,VT-BWN
BLR,IX 2873,Boeing 737 MAX 8,VT-BWN
BLR,QO 378,Boeing 737-800,VT-AAZ
BLR,EY 233,Boeing 787-10,A6-BMC
BLR,AKJ 1811,Boeing 737 MAX 8,VT-YBA
BLR,6E 6633,Airbus A321 NEO,VT-ICI
BLR,6E 6483,Airbus A320,TC-FHL
BLR,EK 569,Airbus A380-800,A6-EVR
BLR,GF 283,Airbus A320,
BLR,KU 354,Airbus A330-900,
BLR,QP 1359,Boeing 737,VT-YAG
BLR,6E 408,Airbus A320 NEO,VT-IIO
BLR,QP 1573,Boeing 737 MAX 8,VT-YBO
BLR,VS 317,Boeing 787-9,G-VNYL
BLR,6E 6445,Airbus A321 NEO,VT-IMU
BLR,AKJ 165Y,Boeing 737 MAX 8,VT-YAG
BLR,6E 5114,Airbus A321 NEO,VT-NCB
BLR,SG 655,Boeing 737 MAX 8,VT-MXI
BLR,AI 2414,Airbus A320 NEO,VT-RTM
BLR,6E 217,,
BLR,6E 873,,
BLR,6E 857,Airbus A320 NEO,VT-IXQ
BLR,6E 457,Airbus A320,TC-FHN
BLR,IX 2881,Boeing 737 MAX 8,VT-BXV
BLR,6E 6021,Airbus A321 NEO,VT-NHD
BLR,IX 1131,Boeing 737 MAX 8,VT-BWA
BLR,6E 7236,ATR 72,VT-IYB
BLR,IX 2926,Boeing 737-800,VT-GHI
BLR,6E 6360,,
BLR,IX 2816,Boeing 737 MAX 8,VT-BWB
BLR,QP 1736,Boeing 737 MAX 8,VT-YBC
BLR,AI 2810,Airbus A320 (Sharklets),VT-TNQ
BLR,QP 1561,Boeing 737 MAX 8,VT-YBG
BLR,IX 2678,Boeing 737 MAX 8,VT-BWP
BLR,IX 2875,Boeing 737 MAX 8,VT-BXO
BLR,6E 194,Airbus A320 NEO,VT-ISY
BLR,AKJ 471P,Boeing 737 MAX 8,VT-YBC
BLR,6E 959,Airbus A321 NEO,VT-IBL
BLR,IX 2064,Airbus A320 (Sharklets),VT-VNS
BLR,6E 6439,Airbus A320,TC-FHK
BLR,IX 2891,Airbus A320 NEO,VT-RTP
BLR,QP 1421,Boeing 737 MAX 8,VT-YBH
BLR,AKJ 477M,,
BLR,IX 2018,Boeing 737,VT-BXR
BLR,IX 1893,Boeing 737 MAX 8,VT-BXZ
BLR,6E 7285,ATR 72,VT-IYI
BLR,QP 1311,Boeing 737 MAX 8,VT-YAH
BLR,AI 2402,Airbus A320 (Sharklets),VT-TNP
BLR,6E 586,Airbus A320 (Sharklets),TC-FHZ
BLR,IX 2841,Boeing 737 MAX 8,VT-BXK
BLR,6E 6269,Airbus A321 NEO,VT-IBE
BLR,6E 368,Airbus A321 NEO,VT-ILD
BLR,AKJ 1421,Boeing 737 MAX 8,VT-YBH
BLR,IX 2887,Boeing 737 MAX 8,VT-BXU
BLR,AKJ 581U,Boeing 737 MAX 8,VT-YAH
BLR,QP 1372,Boeing 737 MAX 8,VT-YAT
BLR,6E 7728,ATR 72,VT-IYG
BLR,AI 2654,Airbus A320 NEO,VT-TQK
BLR,QP 1325,Boeing 737 MAX 8,VT-YAM
BLR,6E 6433,Airbus A321 NEO,VT-NCK
BLR,VS 347,Boeing 787-9,G-VWOO
BLR,6E 6032,Airbus A320 NEO,VT-IPZ
BLR,6E 6858,Airbus A321 NEO,VT-IMQ
BLR,6E 6176,Airbus A321 NEO,VT-ILB
BLR,S5 159,Embraer 175,VT-GSU
BLR,6E 5075,Airbus A321 NEO,VT-IWT
BLR,OG 159,Embraer 175,VT-GSU
BLR,BA 118,Boeing 777-200,G-YMMO
BLR,6E 484,Airbus A321 NEO,VT-IMI
BLR,SG 881,Boeing 737-800,OK-TVV
BLR,QP 1567,Boeing 737 MAX 8,VT-YAV
BLR,6E 1077,Airbus A320 NEO,VT-IPC
BLR,AKJ 1372,Boeing 737 MAX 8,VT-YAT
BLR,AKJ 1325,Boeing 737 MAX 8,VT-YAM
BLR,6E 7005,ATR 72,VT-IRS
BLR,IX 2097,Airbus A320 NEO,VT-RTH
BLR,6E 6497,Airbus A321 NEO,VT-IBB
BLR,6E 6353,Airbus A320 NEO,VT-ISP
BLR,IX 2927,Boeing 737 MAX 8,VT-BWS
BLR,6E 7227,ATR 72,VT-IRM
BLR,IX 1215,Boeing 737 MAX 8,VT-BXT
BLR,QP 1823,Boeing 737 MAX 8,VT-YAL
BLR,SG 141,Boeing 737 MAX 8,VT-MXD
BLR,6E 702,Airbus A321 NEO,VT-IMW
BLR,9I 507,ATR 72,VT-RKE
BLR,AKJ 768Y,Boeing 737 MAX 8,VT-YAV
BLR,6E 405,Airbus A321 NEO,VT-IWN
BLR,IX 1239,Boeing 737 MAX 8,VT-BWU
BLR,IX 2969,Boeing 737 MAX 8,VT-BXX
BLR,IX 2013,Boeing 737 MAX 8,VT-BWC
BLR,AKJ 1823,Boeing 737 MAX 8,VT-YAL
BLR,6E 841,Airbus A321 NEO,VT-ICF
BLR,6E 841,Airbus A321 NEO,VT-ICF
BLR,AI 2808,Airbus A320 NEO,VT-TNE
BLR,AI 2808,Airbus A320 NEO,VT-TNE
BLR,6E 1485,Airbus A320 NEO,
BLR,6E 1485,Airbus A320 NEO,
BLR,BZ 201,Boeing 757-200,VT-BDM
BLR,QP 1375,Boeing 737,VT-YAC
BLR,6E 688,Airbus A320 NEO,VT-IXM
BLR,IX 1580,Boeing 737 MAX 8,VT-BXS
BLR,6E 442,Airbus A321 NEO,VT-IBX
BLR,AKJ 544U,,
BLR,6E 463,Airbus A320 NEO,VT-IQW
BLR,AI 2846,Airbus A320 NEO,VT-TNZ
BLR,6E 5216,Airbus A321 NEO,VT-NHL
BLR,IX 2981,Boeing 737-800,VT-TGH
BLR,IX 1513,Boeing 737 MAX 8,VT-BWR
BLR,IX 2935,Boeing 737 MAX 8,VT-BXD
BLR,6E 687,Airbus A320,TC-FHC
BLR,S5 183,Embraer 175,VT-GSO
BLR,OG 183,Embraer 175,VT-GSO
BLR,6E 113,Airbus A321 NEO,VT-ILZ
BLR,SG 672,Boeing 737-800,9H-CXB
BLR,IX 6701,Airbus A320 NEO,VT-RTH
BLR,AI 2868,Airbus A321 (Sharklets),VT-TNR
BLR,6E 443,Airbus A321 NEO,VT-ICN
BLR,6E 415,Airbus A320 NEO,VT-IPS
BLR,AI 2604,Airbus A320 NEO,VT-TQP
BLR,6E 886,Airbus A321 NEO,VT-IAZ
BLR,6E 871,Airbus A321 NEO,VT-NHH
BLR,6E 6495,Airbus A321 NEO,VT-IBD
BLR,6E 438,Airbus A321 NEO,VT-ILX
BLR,6E 904,Airbus A321 NEO,VT-IBC
BLR,IX 2712,Boeing 737 MAX 8,VT-BXH
BLR,QP 590,,
BLR,6E 6035,Airbus A321 NEO,VT-ILN
BLR,6E 6336,Airbus A321 NEO,VT-ICW
BLR,6E 6583,Airbus A321 NEO,VT-IBI
BLR,6E 6288,Airbus A321 NEO,VT-IWM
BLR,6E 7714,ATR 72,VT-IYB
BLR,QP 1850,Boeing 737 MAX 8,VT-YBE
BLR,6E 1167,Airbus A320 NEO,VT-IIL
BLR,WY 282,Boeing 737-800,A4O-MG
BLR,6E 6162,Airbus A321 NEO,VT-ICY
BLR,AI 2804,Airbus A320 NEO,VT-TNF
BLR,6E 6545,Airbus A320 NEO,VT-IIM
BLR,6E 537,Airbus A320 NEO,VT-ISY
BLR,QP 623,Boeing 737 MAX 8,VT-YAP
BLR,IX 2975,Boeing 737 MAX 8,VT-BWI
BLR,6E 7071,ATR 72,VT-IYO
BLR,6E 7735,ATR 72,VT-IRK
BLR,FX 6092,Boeing 777-200,N892FD
BLR,6E 503,Airbus A321 NEO,VT-IBE
BLR,6E 524,Airbus A320 (Sharklets),VT-IAN
BLR,6E 6351,Airbus A321 NEO,VT-NCM
BLR,AKJ 904H,,
BLR,QP 2902,Boeing 737 MAX 8,VT-YAJ
BLR,EK 565,Boeing 777-300,A6-ECS
BLR,AKJ 623,Boeing 737 MAX 8,VT-YAP
BLR,S5 701,Embraer 175,VT-GSU
BLR,IX 874,Boeing 737 MAX 8,VT-BXO
BLR,AI 2852,Airbus A320 NEO,VT-TNY
BLR,IX 2942,Boeing 737-800,VT-GHI
BLR,6E 941,Airbus A321 NEO,VT-IMQ
BLR,6E 6863,Airbus A321 NEO,VT-ILE
BLR,IX 1756,Boeing 737,VT-BXR
BLR,6E 175,Airbus A321 NEO,VT-NCP
BLR,IX 882,Airbus A320 NEO,VT-ATE
BLR,AKJ 2902,Boeing 737 MAX 8,VT-YAJ
BLR,6E 6459,Airbus A320 NEO,VT-ISC
BLR,6E 6991,Airbus A321 NEO,VT-IWR
BLR,AI 2406,Airbus A320 NEO,VT-TNK
BLR,3S 627,Boeing 777-200,D-AALH
BLR,6E 125,Airbus A320 NEO,VT-IIS
BLR,6E 7207,Airbus A320 NEO,VT-IXG
BLR,QP 1821,Boeing 737 MAX 8,VT-YAH
BLR,6E 934,Airbus A320,TC-FHL
BLR,6E 6535,Airbus A321 NEO,VT-ILB
BLR,QP 1729,Boeing 737 MAX 8,VT-YBC
BLR,6E 7271,ATR 72,VT-IRM
BLR,SV 867,Airbus A330,HZ-AQJ
BLR,6E 7917,ATR 72,VT-IYI
BLR,QP 1880,Boeing 737 MAX 8,VT-YAS
BLR,IX 2606,Airbus A320 NEO,VT-RTO
BLR,AKJ 1821,Boeing 737 MAX 8,VT-YAH
BLR,IX 2648,Airbus A320 NEO,VT-ATD
BLR,6E 6356,Airbus A321 NEO,VT-ICI
BLR,6E 869,Airbus A321 NEO,VT-NCS
BLR,6E 312,Airbus A321 NEO,VT-IMV
BLR,MH 105,Boeing 737-800,9M-MXY
BLR,IX 2506,Boeing 737 MAX 8,VT-BXX
HYD,6E 195,Airbus A321 NEO,VT-NHI
HYD,MH 199,Boeing 737-800,9M-MXV
HYD,TG 330,Airbus A330-300,HS-TEV
HYD,6E 337,Airbus A320 NEO,VT-IPY
HYD,CX 672,Airbus A330-300,B-LBJ
HYD,J9 404,Airbus A320 NEO,
HYD,FZ 436,Boeing 737,A6-FKC
HYD,KL 874,Boeing 787-9,PH-BHL
HYD,IX 2645,Boeing 737 MAX 8,VT-BXP
HYD,6E 1313,Airbus A320,
HYD,KU 374,Airbus A320 NEO,
HYD,QR 501,Boeing 787-8,
HYD,OV 736,Airbus A320 NEO,A4O-OVH
HYD,6E 6010,Airbus A321 NEO,VT-NCP
HYD,6E 6010,Airbus A321 NEO,VT-NCP
HYD,G9 468,Airbus A320 (Sharklets),A6-AQQ
HYD,G9 468,Airbus A320 (Sharklets),A6-AQQ
HYD,EY 353,Airbus A320,
HYD,EK 525,Boeing 777,A6-EPR
HYD,6E 1448,Airbus A320 NEO,
HYD,6E 351,Airbus A320,
HYD,6E 531,Airbus A320 NEO,
HYD,AI 1806,Airbus A320 NEO,VT-RIO
HYD,6E 5245,Airbus A321 NEO,VT-NCQ
HYD,6E 972,Airbus A320,
HYD,6E 743,Airbus A320 NEO,VT-IQA
HYD,6E 618,Airbus A320,
HYD,GF 275,Airbus A320,
HYD,6E 7549,ATR 72,VT-IYS
HYD,6E 7554,ATR 72,VT-IRE
HYD,6E 7452,ATR 72,
HYD,AI 2872,Airbus A320 NEO,VT-TQE
HYD,QP 1405,Boeing 737,
HYD,6E 608,Airbus A320 NEO,
HYD,6E 424,Airbus A321 NEO,VT-NHI
HYD,6E 928,Airbus A320 NEO,
HYD,IX 938,Boeing 737 MAX 8,VT-BWQ
HYD,6E 7201,ATR 72,
HYD,6E 7532,ATR 72,VT-IYL
HYD,IX 2934,Boeing 737 MAX 8,VT-BXD
HYD,AI 2559,Airbus A320 NEO,VT-TQU
HYD,6E 317,Airbus A321 NEO,VT-ICL
HYD,6E 924,Airbus A321 NEO,VT-NCW
HYD,6E 6305,Airbus A321 NEO,VT-IUP
HYD,6E 289,Airbus A320,
HYD,6E 7252,ATR 72,
HYD,6E 7118,ATR 72,
HYD,6E 6467,Airbus A320 NEO,VT-IQM
HYD,S5 173,Embraer 175,
HYD,6E 7343,ATR 72,
HYD,9I 877,ATR 72,VT-AIY
HYD,6E 6242,Airbus A321 NEO,VT-ICX
HYD,9I 925,ATR 72,VT-AII
HYD,IX 2885,Boeing 737 MAX 8,VT-BXP
HYD,6E 421,Airbus A320,
HYD,6E 287,Airbus A321 NEO,VT-IRY
HYD,6E 413,Airbus A320,VT-IAZ
HYD,AI 2860,Airbus A320 NEO,VT-TQS
HYD,6E 377,Airbus A321 NEO,VT-ILM
HYD,BA 276,Boeing 787-8,G-ZBJB
HYD,AI 2626,Airbus A320 NEO,VT-TQW
HYD,6E 243,Airbus A320 NEO,
HYD,S5 395,Embraer 175,
HYD,6E 1465,Airbus A320 NEO,
HYD,6E 6621,Airbus A320,
HYD,6E 846,Airbus A320,
HYD,6E 846,Airbus A320,
HYD,AI 2466,Airbus A320 NEO,VT-TQD
HYD,WY 236,Boeing 737 MAX 8,A4O-MO
HYD,6E 134,Airbus A320 NEO,VT-IPT
HYD,6E 5213,Airbus A320,
HYD,6E 664,Airbus A321 NEO,VT-ICB
HYD,6E 346,Airbus A320,
HYD,IX 2019,Boeing 737,VT-BXR
HYD,6E 6382,Airbus A320,
HYD,6E 151,Airbus A320 NEO,VT-IID
HYD,6E 422,Airbus A320 NEO,VT-IOJ
HYD,6E 6974,Airbus A321 NEO,VT-ILP
HYD,6E 938,Airbus A320,
HYD,XY 326,Airbus A320 NEO,HZ-NS34
HYD,6E 2051,Airbus A321 NEO,VT-NHB
HYD,AI 1866,Airbus A320 NEO,VT-RTJ
HYD,6E 913,Airbus A321 NEO,VT-NHR
HYD,SG 660,Boeing 737-800,9H-TJF
HYD,6E 7208,ATR 72,
HYD,6E 192,Airbus A320 NEO,VT-IQA
HYD,6E 6066,Airbus A321 NEO,VT-IMI
HYD,6E 482,Airbus A320,
HYD,6E 108,Airbus A320,
HYD,6E 5278,Airbus A320 NEO,
HYD,6E 307,Airbus A321 NEO,VT-IBU
HYD,6E 6707,Airbus A320,
HYD,AI 2874,Airbus A320 NEO,VT-TQI
HYD,6E 6263,Airbus A320,
HYD,EK 527,Boeing 777-300,A6-EGY
HYD,6E 6151,Airbus A321 NEO,VT-IMH
HYD,6E 149,Airbus A320 (Sharklets),VT-IAO
HYD,AI 2543,Airbus A321 (Sharklets),VT-TNU
HYD,6E 7563,ATR 72,VT-IYL
HYD,6E 7503,ATR 72,
HYD,UL 178,Airbus A320,4R-MRE
HYD,6E 7228,ATR 72,
HYD,6E 879,Airbus A320 NEO,VT-IIN
HYD,6E 240,Airbus A320,
HYD,6E 7121,ATR 72,
HYD,IX 2745,Boeing 737 MAX 8,VT-BXP
HYD,6E 6338,Airbus A320,
HYD,6E 6291,Airbus A320 NEO,VT-IVX
HYD,IX 2937,Boeing 737 MAX 8,VT-BXD
HYD,9I 518,ATR 72,VT-AIY
HYD,6E 7211,ATR 72,VT-IYY
HYD,6E 1067,Airbus A320 NEO,VT-IOK
HYD,6E 7126,ATR 72,VT-IXY
HYD,6E 362,Airbus A320 NEO,
HYD,6E 2178,Airbus A320 NEO,
HYD,6E 886,Airbus A320,
HYD,6E 2005,Airbus A320 (Sharklets),VT-IFN
HYD,SV 755,Airbus A330-300,HZ-AQC
HYD,6E 6156,Airbus A320,VT-ILG
HYD,AI 418,Airbus A320 (Sharklets),VT-TNP
HYD,6E 7096,ATR 72,
HYD,6E 7417,ATR 72,
HYD,6E 1117,Airbus A320 NEO,
HYD,6E 7144,ATR 72,VT-IYJ
HYD,6E 6408,Airbus A320,
HYD,6E 5233,Airbus A321 NEO,VT-NHI
HYD,6E 603,Airbus A320 NEO,
MAA,6E 6225,Airbus A321 NEO,VT-NHA
MAA,MH 181,Boeing 737-800,9M-MXE
MAA,6E 1411,Airbus A320,
MAA,6E 1171,Airbus A320,
MAA,AI 346,Airbus A321,VT-PPH
MAA,TG 338,Airbus A330-300,HS-TEW
MAA,LH 759,Airbus A340-300,D-AIGT
MAA,CX 632,Airbus A350-900,B-LQG
MAA,FD 193,Airbus A320,HS-ABV
MAA,SL 241,Boeing 737-800,HS-LGJ
MAA,6E 1045,Airbus A320 (Sharklets),VT-IAQ
MAA,6E 456,Airbus A321 NEO,VT-NCL
MAA,6E 253,Airbus A320 NEO,
MAA,KU 344,Airbus A320 NEO,
MAA,6E 1321,Airbus A320,
MAA,G9 472,Airbus A320,A6-AQF
MAA,EK 543,Boeing 777-300,A6-ECZ
MAA,EY 341,Airbus A320,
MAA,QR 529,Boeing 787-8,
MAA,6E 1607,Airbus A320 NEO,VT-IQX
MAA,6E 526,Airbus A320,
MAA,6E 987,Airbus A320,
MAA,3L 142,Airbus A320,A6-AUG
MAA,6E 236,Airbus A321 NEO,VT-IBI
MAA,SG 1077,Bombardier Dash 8 Q400 / DHC-8-400,
MAA,6E 495,Airbus A321 NEO,VT-IUS
MAA,6E 5168,Airbus A320,
MAA,6E 6312,Airbus A320 NEO,VT-ISA
MAA,6E 7084,ATR 72,
MAA,AI 348,Airbus A321,VT-PPI
MAA,6E 7091,ATR 72,VT-IRP
MAA,6E 2228,Airbus A320,
MAA,AI 2896,Airbus A321 (Sharklets),VT-EXJ
MAA,6E 7193,ATR 72,
MAA,6E 7183,ATR 72,
MAA,6E 6897,Airbus A320,
MAA,AI 2828,Airbus A320 NEO,VT-TQV
MAA,6E 1471,Airbus A320 NEO,
MAA,6E 557,Airbus A320,
MAA,6E 6194,Airbus A320 NEO,
MAA,6E 6213,Airbus A321 NEO,VT-ICG
MAA,SG 640,Boeing 737-800,
MAA,AI 2832,Airbus A320 NEO,VT-TQT
MAA,SG 660,Boeing 737-800,9H-TJF
MAA,IX 2651,Airbus A320,VT-JPR
MAA,6E 6122,Airbus A320,
MAA,6E 5394,Airbus A320 NEO,
MAA,SG 672,Boeing 737-800,9H-CXB
MAA,6E 6081,Airbus A320,VT-ILZ
MAA,6E 6746,Airbus A321 NEO,VT-NHA
MAA,AI 2779,Airbus A320,VT-EXH
MAA,WY 252,Boeing 737-800,A4O-BAC
MAA,6E 6196,Airbus A321 NEO,VT-IBN
MAA,BA 36,Boeing 787-9,G-ZBKI
MAA,QP 1304,Boeing 737,
MAA,IX 2975,Boeing 737,VT-GHI
MAA,6E 404,Airbus A321 NEO,VT-NCI
MAA,6E 404,Airbus A321 NEO,VT-NCI
MAA,AK 10,Airbus A320 (Sharklets),9M-AGL
MAA,AI 2886,Airbus A320 NEO,
MAA,6E 295,Airbus A320 NEO,VT-IVX
MAA,6E 7167,ATR 72,
MAA,6E 6815,Airbus A321 NEO,VT-IBE
MAA,SG 647,Boeing 737-800,9H-TJE
MAA,6E 6216,Airbus A320 NEO,VT-IIA
MAA,6E 826,Airbus A320,VT-NCX
MAA,6E 7191,ATR 72,
MAA,6E 991,Airbus A320 NEO,
MAA,6E 704,Airbus A321 NEO,VT-ILS
MAA,6E 7339,ATR 72,
MAA,IX 1256,Airbus A320,
MAA,AI 2822,Airbus A320 (Sharklets),VT-EXP
MAA,6E 502,Airbus A320 NEO,
MAA,UL 122,Airbus A330,4R-ALP
MAA,AI 2526,Airbus A320 NEO,VT-TQB
MAA,SQ 525,Boeing 737-800,9V-MBN
MAA,EK 545,Boeing 777-300,A6-EGJ
MAA,6E 981,Airbus A320 NEO,
MAA,6E 6518,Airbus A320,
MAA,6E 7172,ATR 72,
MAA,EY 343,Airbus A321,
MAA,6E 479,Airbus A320 NEO,VT-IPE
MAA,SG 611,Boeing 737-800,
MAA,6E 581,Airbus A320 NEO,
MAA,6E 7185,ATR 72,
MAA,6E 845,Airbus A320,
MAA,6E 1177,ATR 72,
MAA,6E 834,Airbus A321 NEO,VT-ILO
MAA,6E 6723,Airbus A321 NEO,VT-NCL
MAA,6E 6014,Airbus A321 NEO,VT-NCB
MAA,AI 2836,Airbus A320 (Sharklets),VT-EXK
MAA,6E 539,Airbus A320 NEO,VT-ISL
MAA,6E 6005,Airbus A321 NEO,VT-ICO
MAA,6E 6892,Airbus A321 NEO,VT-IBC
MAA,6E 1175,Airbus A320 NEO,
MAA,AI 574,Airbus A321,VT-PPH
MAA,6E 6374,Airbus A321 NEO,VT-IRW
MAA,MH 183,Boeing 737-800,9M-MXE
MAA,6E 7605,ATR 72,
MAA,AI 2739,Airbus A320 NEO,VT-TQV
MAA,6E 6326,Airbus A320,
CCU,MH 185,Boeing 737-800,9M-MLQ
CCU,3L 167,Airbus A320,A6-AUK
CCU,AI 1832,Airbus A320 (Sharklets),VT-EXU
CCU,FD 121,Airbus A320,HS-ABN
CCU,6E 1911,Airbus A320 NEO,VT-IQN
CCU,6E 6472,Airbus A320 NEO,
CCU,AK 62,Airbus A321 NEO,9M-VAH
CCU,6E 2137,Airbus A321 NEO,VT-NCS
CCU,TG 314,Airbus A320 (Sharklets),HS-TXN
CCU,6E 1015,Airbus A320 NEO,VT-IIK
CCU,6E 5065,Airbus A320,VT-NHC
CCU,QR 541,Boeing 787-8,
CCU,QP 1173,Boeing 737,
CCU,6E 6438,Airbus A320,VT-ILN
CCU,IX 2782,Airbus A320 NEO,
CCU,6E 6139,Airbus A321 NEO,VT-IBO
CCU,6E 2787,Airbus A320,
CCU,6E 271,Airbus A320 NEO,
CCU,6E 7561,ATR 72,
CCU,6E 2106,Airbus A320,
CCU,SG 130,Boeing 737-900,VT-SLC
CCU,6E 139,Airbus A320 (Sharklets),VT-ITR
CCU,6E 5113,Airbus A320,
CCU,6E 6249,Airbus A320 (Sharklets),VT-ITO
CCU,6E 245,Airbus A320 (Sharklets),VT-ITG
CCU,IX 1254,Airbus A320,
CCU,6E 771,Airbus A320,VT-ICY
CCU,6E 1087,Airbus A320 (Sharklets),VT-IZF
CCU,6E 7418,ATR 72,
CCU,AI 2720,Airbus A320 NEO,VT-TNI
CCU,AI 2644,Airbus A320 NEO,VT-TQO
CCU,6E 2119,Airbus A321 NEO,VT-NCT
CCU,6E 7623,ATR 72,VT-IXS
CCU,6E 893,Airbus A320,VT-IKQ
CCU,IX 1517,Airbus A320 NEO,
CCU,6E 6514,Airbus A320,VT-IIV
CCU,6E 6785,Airbus A320,
CCU,6E 6179,Airbus A320 NEO,VT-IQE
CCU,6E 713,Airbus A320 NEO,
CCU,6E 496,Airbus A320,VT-IMV
CCU,6E 496,Airbus A320,VT-IMV
CCU,6E 379,Airbus A320,
CCU,6E 6513,Airbus A321 NEO,VT-ICS
CCU,B3 701,Airbus A319,A5-DOR
CCU,QP 1925,Boeing 737,
CCU,AI 2778,Airbus A320 (Sharklets),VT-TNV
CCU,6E 563,Airbus A320,
CCU,6E 212,Airbus A320 NEO,
CCU,QP 1802,Boeing 737,
CCU,IX 1521,Boeing 737 MAX 8,VT-BWA
CCU,6E 345,Airbus A320 NEO,
CCU,EK 571,Boeing 777-300ER,
CCU,6E 201,Airbus A320 NEO,VT-IPH
CCU,6E 966,Airbus A320 NEO,VT-IPI
CCU,KB 211,Airbus A319,A5-RGF
CCU,QP 1562,Boeing 737,
CCU,6E 5087,Airbus A320,
CCU,6E 7351,ATR 72,VT-IXW
CCU,6E 386,Airbus A320,TC-FHK
CCU,6E 5077,Airbus A321 NEO,VT-NCN
CCU,AI 2536,Airbus A320 NEO,
CCU,6E 948,Airbus A320 NEO,
CCU,6E 822,Airbus A320,
CCU,SG 640,Boeing 737-800,
CCU,6E 6348,Airbus A320 NEO,
CCU,6E 7304,ATR 72,VT-IRQ
CCU,AI 2772,Airbus A320 NEO,VT-TQG
CCU,AI 2706,Airbus A320 NEO,VT-TQM
CCU,QP 1568,Boeing 737,VT-YAV
CCU,6E 5253,Airbus A320 NEO,VT-IVP
CCU,SG 260,Boeing 737-800,EI-FFC
CCU,6E 7234,ATR 72,
CCU,IX 1584,Airbus A320 NEO,VT-RTF
CCU,SG 488,Boeing 737-800,
CCU,6E 334,Airbus A320,
CCU,6E 135,Airbus A321 NEO,VT-IBZ
CCU,6E 5058,Airbus A320,VT-NHC
CCU,6E 833,Airbus A320,
CCU,6E 715,Airbus A320,
CCU,6E 6214,Airbus A320 NEO,
CCU,6E 235,Airbus A320,VT-IBX
CCU,SG 196,Boeing 737-800,OK-TVM
CCU,6E 326,Airbus A321 NEO,VT-IMY
CCU,B3 700,Airbus A319,A5-RIM
DXB,AI 4210,Airbus A320,VT-EXO
DXB,FZ 843,,
DXB,EK 801,Airbus A380-800,A6-EEE
DXB,MK 9960,Airbus A380-800,A6-EEE
DXB,UA 6594,Airbus A380-800,A6-EEE
DXB,AC 7586,Airbus A380-800,A6-EEE
DXB,SG 5512,Boeing 737-800,VT-SGV
DXB,FZ 983,Boeing 737-800,A6-FMW
DXB,EK 2312,Boeing 737-800,
DXB,EK 221,Boeing 777-300ER,A6-EWH
DXB,SG 5514,,
DXB,IX 6354,,
DXB,EK 2454,,
DXB,FZ 1025,Boeing 737,
DXB,EK 203,Airbus A380-800,
DXB,EK 717,Boeing 777-300ER,A6-ECO
DXB,QF 8145,Boeing 777-300ER,
DXB,FI 6001,Boeing 777-300ER,
DXB,EK 145,Boeing 777-300ER,A6-EGM
DXB,EK 570,Boeing 777-300ER,
DXB,IX 1118,,
DXB,IX 6357,,
DXB,CZ 384,Airbus A330-300,B-1297
DXB,EK 7435,Airbus A330-300,
DXB,3U 7114,Airbus A330-300,
DXB,SV 6001,Airbus A330-300,
DXB,QF 8021,Airbus A380-800,
DXB,GA 8871,Airbus A380-800,
DXB,EK 21,Airbus A380-800,A6-EOS
DXB,FI 6043,Airbus A380-800,
DXB,EK 656,Boeing 777-300ER,
DXB,DE 5908,Boeing 777-300ER,
DXB,EK 43,Boeing 777-300ER,A6-EPU
DXB,QF 8043,Boeing 777-300ER,A6-EPU
DXB,FI 6023,Boeing 777-300ER,A6-EPU
DXB,DE 5939,Airbus A380-800,
DXB,AZ 5641,Airbus A380-800,
DXB,EK 420,Airbus A380-800,
DXB,QF 8420,Airbus A380-800,
DXB,EK 530,Boeing 777-300ER,A6-ECM
DXB,QF 8705,Boeing 777-300ER,
DXB,UA 6579,Boeing 777-300ER,
DXB,AC 7618,Boeing 777-300ER,
DXB,DE 5960,Boeing 777-300ER,
DXB,CZ 7878,Boeing 777-300ER,
DXB,EK 705,Boeing 777-300ER,
DXB,FZ 6582,Boeing 777-300ER,
DXB,AC 7567,Boeing 777-300ER,
DXB,EK 582,Boeing 777-300ER,
DXB,AZ 5645,Boeing 777-300ER,
DXB,MK 9934,Boeing 777-300ER,
DXB,AC 7565,Boeing 777-300ER,
DXB,EK 650,Boeing 777-300ER,
DXB,FI 6031,Airbus A380-800,
DXB,GA 8865,Airbus A380-800,
DXB,EK 7,Airbus A380-800,A6-EUF
DXB,TG 4502,Airbus A380-800,
DXB,AC 7603,Airbus A380-800,
DXB,TP 6372,Airbus A380-800,
DXB,DE 5909,Airbus A380-800,
DXB,QF 8384,Airbus A380-800,
DXB,EK 384,Airbus A380-800,A6-EOK
DXB,H9 766,Airbus A320,9N-ALV
DXB,EK 544,Boeing 777-300ER,A6-EGJ
DXB,JL 5096,Airbus A380-800,
DXB,EK 318,Airbus A380-800,A6-EUG
DXB,GA 8859,Airbus A380-800,
DXB,QF 8071,Airbus A380-800,
DXB,FI 6011,Airbus A380-800,
DXB,EK 71,Airbus A380-800,
DXB,EK 306,Boeing 777-300ER,A6-EPA
DXB,EK 255,Boeing 777-200LR,A6-EWC
DXB,QF 8255,Boeing 777-200LR,
DXB,AV 6255,Boeing 777-200LR,
DXB,FI 6007,Boeing 777-200LR,
DXB,IX 1116,Boeing 737-800,VT-GHF
DXB,EK 145Z,,
DXB,EK 612,Boeing 777-300ER,
DXB,EK 241,Airbus A380-800,
DXB,TG 4504,Boeing 777-300ER,
DXB,AC 7606,Boeing 777-300ER,
DXB,DE 5917,Boeing 777-300ER,
DXB,EK 378,Boeing 777-300ER,A6-ENL
DXB,EK 368,Airbus A380-800,A6-EUQ
DXB,GA 8982,Airbus A380-800,
DXB,DE 5900,Airbus A380-800,
DXB,EK 564,Boeing 777-300ER,A6-ECS
DXB,EK 366,Airbus A380-800,A6-EED
DXB,FZ 1709,Boeing 737,
DXB,EK 2159,Boeing 737,
DXB,EK 504,Boeing 777-300ER,A6-EQE
DXB,RA 230,,
DXB,EK 526,Boeing 777-300ER,A6-EGY
DXB,KE 5952,Airbus A380-800,
DXB,EK 322,Airbus A380-800,A6-EEC
DXB,EK 2258,Boeing 737,
DXB,AC 7553,Boeing 737,A6-FQI
DXB,UA 6520,Boeing 737,A6-FQI
DXB,FZ 831,Boeing 737,A6-FQI
DXB,FZ 1517,,
DXB,EK 2104,,
DXB,RQ 902,Airbus A340,
DXB,EK 310,Airbus A350-900,
DXB,EK 658,Boeing 777-300ER,
DXB,EK 510,Boeing 777-300ER,
DXB,FZ 1835,,
DXB,EK 2157,,
DXB,EK 624,Boeing 777-300ER,
DXB,EK 2458,Boeing 737,
DXB,FZ 301,Boeing 737,
DXB,TP 6746,Boeing 777-300ER,
DXB,GF 5408,Boeing 777-300ER,
DXB,DE 5924,Boeing 777-300ER,
DXB,AC 7604,Boeing 777-300ER,
DXB,EK 394,Boeing 777-300ER,A6-ENC
DXB,FZ 441,Boeing 737-800,A6-FEV
DXB,EK 2124,Boeing 737-800,
DXB,SG 5514A,,
DXB,RJ 613,Airbus A320 NEO,JY-RAH
DXB,FG 402,Airbus A310,YA-FGA
DXB,EK 2110,Boeing 737,
DXB,FZ 333,Boeing 737,
DXB,FZ 619,Boeing 737-800,
DXB,EK 2169,Boeing 737-800,
DXB,EK 109,Boeing 777-300ER,
DXB,QF 8109,Boeing 777-300ER,
DXB,FZ 359,Boeing 737,
DXB,EK 35,Boeing 777-300ER,A6-ENH
DXB,QF 8035,Boeing 777-300ER,
DXB,FZ 353,Boeing 737-800,
DXB,FI 6051,Airbus A350-900,
DXB,EK 159,Airbus A350-900,A6-EFV
DXB,QF 8159,Airbus A350-900,
DXB,FZ 45,Boeing 737,
DXB,EK 2034,Boeing 737,
DXB,AV 6253,Airbus A380-800,
DXB,QF 8141,Airbus A380-800,
DXB,EK 141,Airbus A380-800,
DXB,EK 600,,
DXB,MK 9930,,
DXB,FZ 717,Boeing 737-800,
DXB,EK 2206,Boeing 737-800,
DXB,QF 8001,Airbus A380-800,
DXB,GA 8887,Airbus A380-800,
DXB,EK 1,Airbus A380-800,A6-EUK
DXB,QF 8179,Boeing 777-300ER,
DXB,GF 5418,Boeing 777-300ER,
DXB,EK 179,Boeing 777-300ER,
DXB,FI 6027,Airbus A380-800,
DXB,EK 27,Airbus A380-800,
DXB,QF 8027,Airbus A380-800,
DXB,EK 133,Airbus A380-800,
DXB,EK 2429,Boeing 737,
DXB,FZ 391,Boeing 737,
DXB,QF 8073,Airbus A380-800,
DXB,GA 8861,Airbus A380-800,
DXB,GA 8861,Airbus A380-800,
DXB,FI 6013,Airbus A380-800,
DXB,FI 6013,Airbus A380-800,
DXB,QF 8073,Airbus A380-800,
DXB,EK 73,Airbus A380-800,A6-EUC
DXB,EK 73,Airbus A380-800,A6-EUC
DXB,MK 9952,Boeing 777-300ER,
DXB,EK 819,Boeing 777-300ER,A6-EPK
DXB,MK 9962,Airbus A380-800,A6-EUJ
DXB,EK 805,Airbus A380-800,A6-EUJ
DXB,EK 157,Boeing 777-300ER,A6-ENZ
DXB,QF 8157,Boeing 777-300ER,
DXB,FI 6005,Boeing 777-300ER,
DXB,EK 2140,Boeing 737,
DXB,FZ 1573,Boeing 737,A6-FMC
DXB,FZ 375,Boeing 737,
DXB,FZ 1787,Boeing 737,
DXB,EK 2433,Boeing 737,
DXB,EK 225,Airbus A380-800,
DXB,EK 787,Boeing 777-300ER,
DXB,EK 237,Boeing 777-300ER,
DXB,QF 8787,Boeing 777-300ER,
DXB,EK 312,Boeing 777-300ER,A6-EQF
DXB,JL 5094,Boeing 777-300ER,
DXB,FI 6017,Airbus A380-800,
DXB,EK 151,Airbus A380-800,A6-EOR
DXB,QF 8151,Airbus A380-800,
DXB,FZ 325,Boeing 737,
DXB,EK 2102,Boeing 737,
DXB,EK 751,Airbus A380-800,A6-EDV
DXB,QF 8751,Airbus A380-800,
DXB,AT 9901,Airbus A380-800,
DXB,EK 2198,Boeing 737-800,
DXB,FZ 709,Boeing 737-800,
DXB,EK 2391,Boeing 737,
DXB,FZ 1681,Boeing 737,
DXB,FZ 8123,Boeing 737-800,
DXB,QF 8055,Boeing 777-300ER,A6-EGQ
DXB,EK 55,Boeing 777-300ER,A6-EGQ
DXB,FI 6057,Airbus A380-800,
DXB,QF 8077,Airbus A380-800,
DXB,EK 77,Airbus A380-800,
DXB,EK 370,Boeing 777-300ER,A6-ENO
DXB,QF 8370,Boeing 777-300ER,
DXB,EK 39,Airbus A380-800,A6-EUN
DXB,QF 8039,Airbus A380-800,
DXB,QF 8045,Boeing 777-300ER,A6-EBM
DXB,EK 45,Boeing 777-300ER,A6-EBM
DXB,FI 6019,Boeing 777-300ER,
DXB,FZ 751,Airbus A380-800,
DXB,EK 304,Boeing 777-300ER,A6-EPF
DXB,GF 5410,Airbus A380-800,
DXB,QF 8139,Airbus A380-800,
DXB,EK 139,Airbus A380-800,A6-EVA
DXB,FI 6053,Airbus A380-800,
DXB,EK 334,Boeing 777-300ER,A6-ECZ
DXB,FZ 6334,Boeing 777-300ER,
DXB,EK 506,Boeing 777-300ER,
DXB,EK 2310,Boeing 737-800,
DXB,FZ 989,Boeing 737-800,
DXB,QF 8127,Airbus A380-800,
DXB,EK 127,Airbus A380-800,
DXB,QF 8097,Airbus A380-800,
DXB,FI 6021,Airbus A380-800,
DXB,EK 97,Airbus A380-800,
DXB,EK 247,Boeing 777-300ER,A6-EGB
DXB,EK 59,Boeing 777-300ER,A6-EGX
DXB,QF 8059,Boeing 777-300ER,
DXB,EK 747,Airbus A350-900,
DXB,TU 147,Airbus A350-900,
DXB,QF 8205,Airbus A380-800,
DXB,EK 205,Airbus A380-800,A6-EEW
DXB,FI 6047,Airbus A380-800,
DXB,GA 8889,Airbus A380-800,
DXB,EK 448,Airbus A380-800,
DXB,SA 7157,Boeing 777-300ER,
DXB,EK 770,Boeing 777-300ER,
DXB,EK 406,Airbus A380-800,A6-EUT
DXB,DE 5936,Airbus A380-800,
DXB,QF 8406,Airbus A380-800,
DXB,TP 6358,Airbus A380-800,
DXB,UA 6600,Airbus A380-800,
DXB,QF 8903,Airbus A380-800,
DXB,EK 903,Boeing 777-300,A6-ENI
DXB,QF 8123,Airbus A380-800,
DXB,EK 123,Airbus A380-800,
DXB,EK 516,Boeing 777-300ER,
LHR,LX 345,Airbus A320 NEO,HB-JDH
LHR,CX 7275,Airbus A320,
LHR,BA 692,Airbus A320,G-EUUS
LHR,TP 1363,Airbus A320 (Sharklets),CS-TVB
LHR,S4 8050,Airbus A320 NEO,
LHR,AC 2686,Airbus A320 NEO,
LHR,UA 6857,Airbus A320 NEO,
LHR,AI 7913,Airbus A320 NEO,
LHR,SQ 2783,Airbus A320 NEO,
LHR,AD 7232,Airbus A320 NEO,
LHR,OS 340,Airbus A320 NEO,OE-LZO
LHR,AC 6186,Airbus A320 NEO,
LHR,QR 9710,Airbus A320 NEO,
LHR,JL 7799,Airbus A320 NEO,
LHR,LA 5529,Airbus A320 NEO,
LHR,BA 456,Airbus A320 NEO,G-TTSF
LHR,IB 3641,Airbus A320 NEO,
LHR,AA 6800,Airbus A320 NEO,
LHR,VN 3653,Airbus A220-300,
LHR,KQ 3059,Airbus A220-300,
LHR,AM 6021,Airbus A220-300,
LHR,MK 9413,Airbus A220-300,
LHR,AF 1381,Airbus A220-300,F-HPNB
LHR,G3 5113,Airbus A220-300,
LHR,VS 6659,Airbus A220-300,
LHR,MU 1767,Airbus A220-300,
LHR,DL 8279,Airbus A220-300,
LHR,BA 668,Airbus A320,G-EUYH
LHR,AA 6603,Airbus A319,
LHR,CX 7114,Airbus A319,
LHR,BA 386,Airbus A319,G-EUPJ
LHR,QR 5865,Airbus A319,
LHR,LA 5554,Airbus A319,
LHR,AY 6589,Airbus A320,
LHR,BA 496,Airbus A320,G-EUYK
LHR,LO 286,Boeing 737 MAX 8,SP-LYD
LHR,AI 7766,Boeing 737 MAX 8,
LHR,AC 6755,Boeing 737 MAX 8,
LHR,PK 5988,Airbus A321 NEO,
LHR,3U 7238,Airbus A321 NEO,
LHR,BR 3561,Airbus A321 NEO,
LHR,TK 1988,Airbus A321 NEO,TC-LTR
LHR,6E 4064,Airbus A321 NEO,
LHR,BA 1472,Airbus A320 NEO,G-TTSA
LHR,QR 5944,Airbus A320 NEO,
LHR,UA 9546,Airbus A320 NEO,D-AINJ
LHR,LH 921,Airbus A320 NEO,D-AINJ
LHR,A3 1607,Airbus A320 NEO,D-AINJ
LHR,JL 6501,Airbus A320 (sharklets),
LHR,AY 5893,Airbus A320 (sharklets),
LHR,BA 1438,Airbus A320 (sharklets),G-NEOY
LHR,QR 6267,Airbus A320 (sharklets),
LHR,MH 9822,Airbus A320 (sharklets),
LHR,KQ 4071,Airbus A320 (sharklets),
LHR,CX 7268,Airbus A320 (sharklets),
LHR,KQ 4014,Airbus A320 NEO,
LHR,JL 7825,Airbus A320 NEO,
LHR,QR 9700,Airbus A320 NEO,
LHR,BA 824,Airbus A320 NEO,G-TTNN
LHR,EI 8324,Airbus A320 NEO,
LHR,BA 708,Airbus A319,G-EUPO
LHR,QR 8348,Airbus A319,
LHR,NH 6144,Airbus A320 NEO,
LHR,A3 1621,Airbus A320 NEO,
LHR,UA 8884,Airbus A320 NEO,
LHR,LH 2485,Airbus A320 (Sharklets),D-AINR
LHR,SK 1530,Airbus A321 (Sharklets),EI-SIF
LHR,VS 5917,Airbus A320 NEO,
LHR,QR 9687,Airbus A320 NEO,
LHR,CX 7137,Airbus A320 NEO,
LHR,BA 930,Airbus A320 NEO,G-TTNV
LHR,QR 8299,Airbus A320 (sharklets),
LHR,BA 1300,Airbus A320 (Sharklets),G-EUYU
LHR,AC 6330,Airbus A320 NEO,
LHR,UA 9924,Airbus A320 NEO,
LHR,SN 2104,Airbus A320 NEO,OO-SBA
LHR,CI 9362,Airbus A321 NEO,PH-AXC
LHR,KL 1000,Airbus A321 NEO,PH-AXC
LHR,DL 9588,Airbus A321 NEO,PH-AXC
LHR,MF 9635,Airbus A321 NEO,PH-AXC
LHR,G3 5589,Airbus A321 NEO,PH-AXC
LHR,VS 7046,Airbus A321 NEO,PH-AXC
LHR,GA 9491,Airbus A321 NEO,PH-AXC
LHR,6E 3347,Airbus A321 NEO,PH-AXC
LHR,QR 9722,Airbus A319,
LHR,AA 6797,Airbus A319,
LHR,BA 370,Airbus A319,G-DBCH
LHR,BA 630,Airbus A320 NEO,G-TTNW
LHR,AA 7256,Airbus A320 NEO,
LHR,JL 6519,Airbus A320 NEO,
LHR,CX 7144,Airbus A320 NEO,
LHR,QR 5874,Airbus A320 NEO,
LHR,BA 726,Airbus A320 NEO,G-TTSG
LHR,MH 9852,Airbus A320 NEO,
LHR,AA 6861,Airbus A320 NEO,
LHR,CX 7135,Airbus A319,
LHR,BA 806,Airbus A319,G-DBCG
LHR,CX 7206,Airbus A320 NEO,
LHR,LA 5525,Airbus A320 NEO,
LHR,QR 5903,Airbus A320 NEO,
LHR,BA 502,Airbus A320 NEO,G-TTSH
LHR,BA 430,Airbus A319,G-EUPS
LHR,QR 8305,Airbus A319,
LHR,MH 9690,Airbus A319,
LHR,JL 6517,Airbus A319,
LHR,QR 6005,Airbus A320,
LHR,BA 1390,Airbus A320,G-EUUE
LHR,EI 8390,Airbus A320,
LHR,UA 9735,Airbus A220-300,
LHR,LX 359,Airbus A220-300,HB-JCG
LHR,SK 802,Airbus A321 (Sharklets),EI-SIB
LHR,VS 5929,Airbus A320 NEO,
LHR,SQ 2704,Airbus A320 NEO,
LHR,AA 6727,Airbus A320,
LHR,BA 592,Airbus A320,G-EUYD
LHR,QR 5882,Airbus A320,
LHR,CX 7112,Airbus A320,
LHR,QR 9759,Airbus A320,
LHR,BA 974,Airbus A320,G-EUYL
LHR,BA 916,Airbus A319,G-DBCB
LHR,CX 7175,Airbus A319,
LHR,BA 1440,Airbus A321 NEO,G-EUYO
LHR,AY 5977,Airbus A321 NEO,
LHR,QR 6268,Airbus A321 NEO,
LHR,CX 7148,Airbus A321 NEO,
LHR,BA 776,Airbus A320,G-EUUO
LHR,AY 5926,Airbus A320,
LHR,QR 8359,Airbus A320,
LHR,CX 7104,Airbus A320,
LHR,BA 852,Airbus A320,G-EUYC
LHR,CX 7267,Airbus A320,
LHR,BA 944,Airbus A321 (Sharklets),G-TTNF
LHR,BA 898,Airbus A320 NEO,G-TTSE
LHR,QR 9765,Airbus A320 NEO,G-TTNI
LHR,BA 580,Airbus A320,G-TTNI
LHR,JL 7147,Airbus A320 NEO,G-TTNI
LHR,LA 5506,Airbus A320 NEO,G-TTNI
LHR,BA 302,Airbus A319,G-EUPR
LHR,QR 8317,Airbus A319,
LHR,BA 474,Airbus A320 NEO,G-TTNX
LHR,JL 7763,Airbus A320 NEO,
LHR,IB 3657,Airbus A320 NEO,
LHR,AA 6813,Airbus A320 NEO,
LHR,MH 9702,Airbus A320 NEO,
LHR,UL 3206,Airbus A321 (Sharklets),
LHR,JL 9372,Airbus A321 (Sharklets),
LHR,AY 1340,Airbus A321,OH-LZR
LHR,QF 3805,Airbus A321 (Sharklets),
LHR,CX 1411,Airbus A321 (Sharklets),
LHR,MH 9152,Airbus A321 (Sharklets),
LHR,BA 6036,Airbus A321 (Sharklets),
LHR,OS 7849,Boeing 767-300 Passenger (winglets),
LHR,LH 9348,Boeing 767-300 Passenger (winglets),
LHR,SN 9085,Boeing 767-300 Passenger (winglets),
LHR,AC 5363,Boeing 767-300 Passenger (winglets),
LHR,UA 958,Boeing 767-300 Passenger (winglets),
LHR,NH 6232,Airbus A320 NEO,D-AINM
LHR,LH 923,Airbus A320 NEO,D-AINM
LHR,UA 8812,Airbus A320 NEO,D-AINM
LHR,A3 1521,Airbus A320 NEO,D-AINM
LHR,SK 500,Airbus A320 NEO,EI-SIC
LHR,VS 5922,Airbus A320 NEO,
LHR,BA 1358,Airbus A320 NEO,
LHR,QR 5998,Airbus A320 NEO,
LHR,AA 6829,Airbus A321 NEO,
LHR,BA 566,Airbus A321 NEO,G-NEOP
LHR,BA 1474,Airbus A320 (sharklets),G-EUYV
LHR,QR 5945,Airbus A320 (sharklets),
LHR,VL 2487,Airbus A320 NEO,D-AIJJ
LHR,LH 4205,Airbus A320 NEO,
LHR,QR 8363,Airbus A319,
LHR,CX 7247,Airbus A319,
LHR,BA 1328,Airbus A319,G-EUPP
LHR,BA 768,Airbus A320,G-EUUL
LHR,AA 7141,Airbus A320,
LHR,QR 8367,Airbus A320,
LHR,AY 5922,Airbus A320,
LHR,IB 3672,Airbus A320,
LHR,EI 151,Airbus A320 NEO,EI-NSF
LHR,AC 6923,Airbus A320 NEO,
LHR,QR 8221,Airbus A320 NEO,
LHR,BA 5951,Airbus A320 NEO,
LHR,AA 8033,Airbus A320 NEO,
LHR,BA 754,Airbus A319,G-EUPU
LHR,QF 3521,Airbus A319,
LHR,QR 5936,Airbus A319,
LHR,QF 3529,Airbus A321 NEO,
LHR,BA 422,Airbus A321 NEO,G-TNEB
LHR,IB 3852,Airbus A321 NEO,
LHR,AA 6610,Airbus A321 NEO,
LHR,QR 5919,Airbus A319,
LHR,BA 960,Airbus A319,G-EUPK
LHR,BA 1360,Airbus A320,G-TTNY
LHR,AA 6771,Airbus A320,
LHR,QR 9770,Airbus A320,
LHR,BA 364,Airbus A319,G-DBCD
LHR,QR 6017,Airbus A319,
LHR,AA 6665,Airbus A319,
LHR,BA 458,Airbus A321 NEO,G-TNED
LHR,QR 5884,Airbus A321 NEO,
LHR,JL 6515,Airbus A321 NEO,
LHR,AA 6802,Airbus A321 NEO,
LHR,IB 3643,Airbus A321 NEO,
LHR,QR 9702,Airbus A321 NEO,
LHR,BA 894,Airbus A321 NEO,G-TNEH
LHR,QF 3501,Airbus A321 NEO,
LHR,AA 7231,Airbus A321 NEO,
LHR,QR 6,Airbus A350-900,
LHR,WB 1000,Airbus A350-900,
LHR,BA 7006,Airbus A350-900,
LHR,VA 6183,Airbus A350-900,
LHR,BA 876,Airbus A320,G-EUUI
LHR,AA 7045,Airbus A320,
LHR,BA 550,Airbus A321 NEO,G-TNEE
LHR,QR 9740,Airbus A321 NEO,
LHR,AA 6642,Airbus A321 NEO,
LHR,BA 1420,Airbus A320 (Sharklets),G-TTNG
LHR,QR 9767,Airbus A320 NEO,
LHR,AA 6788,Airbus A320 NEO,
LHR,AA 9600,Boeing 787-9,
LHR,QR 9783,Airbus A319,
LHR,JL 7141,Airbus A319,
LHR,BA 418,Airbus A319,G-DBCC
LHR,AA 6677,Airbus A319,
LHR,AC 6926,Airbus A319,
LHR,UA 9632,Airbus A319,
LHR,EW 9463,Airbus A319,D-AGWD
LHR,AA 6685,Airbus A320,
LHR,BA 866,Airbus A320,G-EUYM
LHR,JL 6547,Airbus A320,
LHR,IB 3690,Airbus A320,
LHR,CX 7260,Airbus A321 NEO,
LHR,AA 7241,Airbus A321 NEO,
LHR,BA 340,Airbus A321 NEO,G-TNEI
LHR,QR 8311,Airbus A321 NEO,
LHR,QR 6241,Airbus A319,
LHR,BA 1302,Airbus A319,G-EUPD
LHR,AA 7202,Airbus A319,
LHR,SK 6403,Airbus A330-300,
LHR,KQ 7156,Airbus A330-300,
LHR,SV 6982,Airbus A330-300,
LHR,VS 131,Airbus A330-300,G-VUFO
LHR,MH 9824,Airbus A319,
LHR,CX 7229,Airbus A319,
LHR,IB 3731,Airbus A319,
LHR,AY 5963,Airbus A319,
LHR,BA 1442,Airbus A319,G-DBCF
LHR,AA 7225,Airbus A319,
LHR,QR 6269,Airbus A319,
LHR,TP 1351,Airbus A321,CS-TJN
LHR,ET 1740,Airbus A321 NEO,
LHR,UA 6866,Airbus A321 NEO,
LHR,SQ 2787,Airbus A321 NEO,
LHR,S4 8609,Airbus A321 NEO,
LHR,AC 2712,Airbus A321 NEO,
LHR,AD 7292,Airbus A321 NEO,
LHR,VA 6041,Airbus A350-1000,
LHR,QR 104,Airbus A350-1000,
LHR,BA 2297,Airbus A350-1000,
LHR,AA 6738,Airbus A319,
LHR,BA 922,Airbus A319,G-DBCE
LHR,QR 9696,Airbus A320 NEO,
LHR,BA 828,Airbus A320 (Sharklets),G-TTNA
LHR,EI 8328,Airbus A320 NEO,
LHR,JL 7823,Airbus A320 NEO,
LHR,AA 6799,Airbus A320 NEO,
LHR,KQ 4012,Airbus A320 NEO,
LHR,BA 632,Airbus A321 NEO,G-TNEF
LHR,AA 6848,Airbus A321 NEO,
LHR,BA 7010,Airbus A380-800,
LHR,VA 6110,Airbus A380-800,
LHR,WB 1103,Airbus A380-800,
LHR,QR 10,Airbus A380-800,
LHR,QR 6292,Airbus A320 (sharklets),
LHR,BA 432,Airbus A320 (Sharklets),G-EUYS
LHR,MH 9692,Airbus A320 (sharklets),
LHR,AA 6726,Airbus A320 (sharklets),
LHR,BA 844,Airbus A320 NEO,G-TTNM
LHR,AA 7209,Airbus A320 NEO,
LHR,JL 7765,Airbus A320 (sharklets),
LHR,BA 476,Airbus A320 (Sharklets),G-EUYR
LHR,IB 3653,Airbus A320 (sharklets),
LHR,AA 6759,Airbus A320 (sharklets),
LHR,BA 976,Airbus A320 NEO,G-TTNP
LHR,QR 9749,Airbus A320 NEO,
LHR,CX 7119,Airbus A320 NEO,
LHR,AA 6776,Airbus A320 NEO,
LHR,BA 524,Airbus A320 NEO,G-TTNS
LHR,JL 7157,Airbus A320 NEO,
LHR,AA 7021,Airbus A320 NEO,
LHR,MH 9854,Airbus A320,
LHR,BA 728,Airbus A320,G-EUYA
LHR,QR 9735,Airbus A320,
LHR,JL 6521,Airbus A320,
LHR,AA 6863,Airbus A320,
LHR,AA 51,Boeing 777-300,N720AN
LHR,AY 3751,Boeing 777-300ER Passenger,
LHR,GF 6651,Boeing 777-300ER Passenger,
LHR,IB 4193,Boeing 777-300ER Passenger,
LHR,BA 1504,Boeing 777-300ER Passenger,
LHR,MH 9395,Boeing 777-300ER Passenger,
LHR,LH 925,Airbus A320 NEO,D-AINX
LHR,OU 5491,Airbus A320 NEO,D-AINX
LHR,UA 9232,Airbus A320 NEO,D-AINX
LHR,AS 5255,Boeing 777-200 / 200ER Passenger,
LHR,BA 117,Boeing 777-200,G-VIIL
LHR,IB 3545,Boeing 777-200 / 200ER Passenger,
LHR,AY 5517,Boeing 777-200 / 200ER Passenger,
LHR,AA 6930,Boeing 777-200 / 200ER Passenger,
LHR,EI 8817,Boeing 777-200 / 200ER Passenger,
LHR,QR 7491,Boeing 777-300ER Passenger,
LHR,QR 6224,Airbus A319,
LHR,BA 304,Airbus A319,G-EUPZ
LHR,AA 7211,Airbus A319,
LHR,JL 7717,Airbus A321 NEO,
LHR,BA 460,Airbus A321 NEO,G-TNEG
LHR,IB 3645,Airbus A321 NEO,
LHR,AA 6804,Airbus A321 NEO,
LHR,QR 9708,Airbus A321 NEO,
LHR,QR 9793,Airbus A320,
LHR,JL 7789,Airbus A320,
LHR,BA 1476,Airbus A320,G-EUUK
LHR,MH 9838,Airbus A320,
LHR,IB 3745,Airbus A320,
LHR,AA 7097,Airbus A320,
LHR,LA 5517,Airbus A320 NEO,
LHR,B6 6254,Airbus A320 NEO,
LHR,AA 6772,Airbus A320 NEO,
LHR,QR 9776,Airbus A320 NEO,
LHR,CX 7116,Airbus A320 NEO,
LHR,BA 388,Airbus A320 NEO,G-TTSB
LHR,LH 4193,Airbus A320 NEO,
LHR,VL 2471,Airbus A320 NEO,
LHR,BA 568,Airbus A320 NEO,G-TTNR
LHR,AA 6831,Airbus A320 NEO,
LHR,DL 9578,E295,PH-NXN
LHR,MF 9637,E295,PH-NXN
LHR,KL 1002,E295,PH-NXN
LHR,6E 3348,E295,PH-NXN
LHR,VS 7047,E295,PH-NXN
LHR,GA 9080,E295,PH-NXN
LHR,BA 380,Airbus A320 (Sharklets),G-EUYT
LHR,AA 7035,Airbus A320 (sharklets),
LHR,IB 7196,Boeing 787-8,
LHR,JL 42,Boeing 787-8,JA843J
LHR,BA 4608,Boeing 787-8,
LHR,UA 9638,Airbus A319,
LHR,AC 6946,Airbus A319,
LHR,EW 2461,Airbus A319,D-AGWK
LHR,JL 7831,Airbus A320,
LHR,CX 7162,Airbus A320,
LHR,AY 5894,Airbus A320,
LHR,BA 790,Airbus A320,G-EUYJ
LHR,IB 3682,Airbus A320,
LHR,AA 6876,Airbus A320,
LHR,QR 9764,Airbus A320,
LHR,BA 1346,Airbus A320,G-EUUC
LHR,WY 2104,Boeing 787-9,
LHR,QR 9720,Airbus A321 NEO,
LHR,AA 6965,Airbus A321 NEO,
LHR,BA 552,Airbus A321,G-NEOR
LHR,JL 7149,Airbus A321 NEO,
LHR,QR 8356,Airbus A320 (sharklets),
LHR,BA 808,Airbus A320 (Sharklets),G-EUYW
LHR,B6 6290,Airbus A320 (sharklets),
LHR,AA 7133,Airbus A320 (sharklets),
LHR,BA 4002,Embraer RJ145,
LHR,KL 3060,Embraer RJ145,
LHR,LM 652,Embraer RJ145,G-SAJN
LHR,BA 540,Airbus A320,G-EUYG
LHR,JL 7155,Airbus A320,
LHR,AA 6606,Airbus A320,
LHR,BA 712,Airbus A320,G-EUUP
LHR,B6 6278,Airbus A320,
LHR,QR 9774,Airbus A320,
LHR,MH 9928,Airbus A320,
LHR,JL 6533,Airbus A320,
LHR,AA 7143,Airbus A320,
LHR,VS 4009,Airbus A330-900 NEO,
LHR,KL 6048,Airbus A330-900 NEO,
LHR,SK 3978,Airbus A330-900 NEO,
LHR,DL 33,Airbus A330,N402DX
LHR,AF 3587,Airbus A330-900 NEO,
LHR,EW 7461,Airbus A319,D-AGWU
LHR,AC 6968,Airbus A319,
LHR,UA 9636,Airbus A319,
LHR,LH 5337,Airbus A319,
LHR,EI 153,Airbus A320,EI-EDS
LHR,AA 8035,Airbus A320,
LHR,QR 9660,Airbus A320,
LHR,BA 5953,Airbus A320,
LHR,AC 6897,Airbus A320,
LHR,OS 8283,Boeing 737 MAX 8,
LHR,UA 8023,Boeing 737 MAX 8,
LHR,AC 869,Boeing 737,C-FSDQ
LHR,UL 2869,Boeing 737 MAX 8,
LHR,LH 6834,Boeing 737 MAX 8,
LHR,TG 5818,Boeing 737 MAX 8,
LHR,VS 6669,Airbus A220-300,
LHR,AF 1335,Airbus A220-300,
LHR,WS 5185,Airbus A220-300,
LHR,DL 8599,Airbus A220-300,
LHR,AM 6099,Airbus A220-300,
LHR,LX 3070,Boeing 787-10,
LHR,AC 3907,Boeing 787-10,
LHR,SN 9054,Boeing 787-10,
LHR,UA 905,Boeing 787-10,N13018
LHR,OS 7793,Boeing 787-10,
LHR,LH 7633,Boeing 787-10,
LHR,KL 2502,Airbus A350-1000,
LHR,VS 3,Airbus A350-1000,G-VRNB
LHR,DL 5997,Airbus A350-1000,
LHR,AF 6752,Airbus A350-1000,
LHR,CA 7066,Airbus A320 NEO,
LHR,UA 9846,Airbus A320 NEO,
LHR,AC 6198,Airbus A320 NEO,
LHR,OS 332,Airbus A320 NEO,OE-LZR
LHR,LX 317,Airbus A321 NEO,HB-JPA
LHR,AC 6818,Airbus A321 NEO,
LHR,UA 9761,Airbus A321 NEO,
LHR,AY 5984,Airbus A320 NEO,
LHR,JL 7733,Airbus A320 NEO,
LHR,B6 6268,Airbus A320 NEO,
LHR,QR 5912,Airbus A320 NEO,
LHR,BA 504,Airbus A320 NEO,G-TTNH
LHR,AA 6758,Airbus A320 NEO,
LHR,CX 7203,Airbus A320 NEO,
LHR,BA 946,Airbus A320,G-EUUG
LHR,B6 6304,Airbus A320,
LHR,AA 7204,Airbus A320,
LHR,JL 7797,Airbus A320,
LHR,UA 9743,Airbus A220-300,
LHR,LX 353,Airbus A220-300,HB-JCH
LHR,MH 5759,Boeing 777-300ER Passenger,
LHR,SQ 305,Boeing 777-300,9V-SWH
LHR,FJ 5956,Boeing 777-300ER Passenger,
LHR,NZ 3305,Boeing 777-300ER Passenger,
LHR,BA 253,Boeing 777-200 / 200ER Passenger,G-VIIV
LHR,QR 5913,Boeing 777-200 / 200ER Passenger,
LHR,QR 6298,Airbus A319,
LHR,AA 6627,Airbus A319,
LHR,EI 8394,Airbus A319,
LHR,BA 1394,Airbus A319,G-EUOG
LHR,JL 6982,Airbus A320 NEO,
LHR,BA 7053,Airbus A320 NEO,
LHR,IB 712,Airbus A320 NEO,EC-NTA
LHR,JL 7082,Boeing 787-9,
LHR,IB 3620,Boeing 787-9,
LHR,BA 7,Boeing 787-9,G-ZBKJ
LHR,GF 2,Boeing 787-9,
LHR,XY 4002,Boeing 787-9,
LHR,UA 8810,Airbus A320 NEO,D-AINA
LHR,LH 901,Airbus A320 (Sharklets),D-AINA
LHR,B6 2220,Airbus A321 NEO,N4058J
LHR,AY 5953,Airbus A320 NEO,
LHR,BA 1478,Airbus A320,G-TTNB
LHR,QR 5947,Airbus A320 NEO,
LHR,MH 9840,Airbus A320 NEO,
LHR,AA 7108,Airbus A320 NEO,
LHR,LM 622,ATR 42-500,G-LMRB
LHR,BA 7852,ATR 42-500,
LHR,EK 8,Airbus A380,A6-EUB
LHR,QF 8008,Airbus A380-800,
LHR,EI 711,Airbus A320 NEO,EI-NSD
LHR,AC 6911,Airbus A320 NEO,
LHR,QR 8235,Airbus A320 NEO,
LHR,AA 8067,Airbus A320 NEO,
LHR,BA 5927,Airbus A320 NEO,
LHR,RX 402,Boeing 787-9,HZ-RXX
LHR,VS 4011,Airbus A330-900 NEO,
LHR,SK 3989,Airbus A330-900 NEO,
LHR,KL 6187,Airbus A330-900 NEO,
LHR,DL 59,Airbus A330,N423DX
LHR,AF 3610,Airbus A330-900 NEO,
LHR,OS 7791,Boeing 767-300 Passenger (winglets),
LHR,LH 7753,Boeing 767-300 Passenger (winglets),
LHR,AC 5424,Boeing 767-300 Passenger (winglets),
LHR,UA 123,Boeing 767-300,N665UA
LHR,SN 9028,Boeing 767-300 Passenger (winglets),
LHR,DL 5967,Airbus A330-300,
LHR,KL 2510,Airbus A330-300,
LHR,AF 6754,Airbus A330-300,
LHR,VS 5,Airbus A330,G-VSXY
LHR,MH 9533,Boeing 777-200 / 200ER Passenger,
LHR,AA 731,Boeing 777-200 / 200ER Passenger,N782AN
LHR,IB 4667,Boeing 777-200 / 200ER Passenger,
LHR,BA 1596,Boeing 777-200 / 200ER Passenger,
LHR,AY 3807,Boeing 777-200 / 200ER Passenger,
LHR,AA 7024,Airbus A321 NEO,
LHR,BA 400,Airbus A321 NEO,G-TNEJ
LHR,IB 3555,Airbus A321 NEO,
LHR,MH 9666,Airbus A320 (sharklets),
LHR,BA 306,Airbus A320 (sharklets),G-EUYY
LHR,EY 3996,Airbus A320 NEO,
LHR,VN 3054,Airbus A320 NEO,
LHR,SK 526,Airbus A320 NEO,EI-SIX
LHR,SQ 2620,Airbus A320 NEO,
LHR,VS 5916,Airbus A320 NEO,
LHR,DL 7628,Airbus A320 NEO,
LHR,UA 7716,Airbus A320 NEO,
LHR,AC 2869,Airbus A320 NEO,
LHR,MS 784,Airbus A320 NEO,SU-GFO
LHR,BA 175,Boeing 777-300ER Passenger,G-STBM
LHR,IB 3561,Boeing 777-300ER Passenger,
LHR,AS 5259,Boeing 777-300ER Passenger,
LHR,AA 6936,Boeing 777-300ER Passenger,
LHR,EI 8875,Boeing 777-300ER Passenger,
LHR,AY 5475,Boeing 777-300ER Passenger,
LHR,SV 6687,Airbus A330-900 NEO,
LHR,SK 6410,Airbus A330-900 NEO,
LHR,KQ 7154,Airbus A330-900 NEO,
LHR,VS 197,Airbus A330-900 NEO,G-VTOM
LHR,BA 820,Airbus A320,G-EUYI
LHR,LX 3042,Boeing 777-200 / 200ER Passenger,
LHR,NZ 9831,Boeing 777-200 / 200ER Passenger,
LHR,AC 5375,Boeing 777-200 / 200ER Passenger,
LHR,SN 9099,Boeing 777-200 / 200ER Passenger,
LHR,UA 900,Boeing 777,N785UA
LHR,OS 7857,Boeing 777-200 / 200ER Passenger,
LHR,LH 9374,Boeing 777-200 / 200ER Passenger,
LHR,BA 5941,Airbus A321 NEO,
LHR,AC 6917,Airbus A321 NEO,
LHR,QR 9675,Airbus A321 NEO,
LHR,EI 381,Airbus A321,EI-LRB
LHR,AA 8059,Airbus A321 NEO,
LHR,AC 6948,Airbus A319,
LHR,EW 461,Airbus A319,9H-EXW
LHR,UA 9628,Airbus A319,
LHR,VY 6651,Airbus A320,EC-MVE
LHR,BA 8078,Airbus A320 (sharklets),
LHR,IB 5642,Airbus A320 (sharklets),
LHR,AI 162,Airbus A350-900,VT-JRB
LHR,AC 6452,Airbus A350-900,
LHR,AS 6901,Boeing 777-300ER Passenger,
LHR,UL 2029,Boeing 777-300ER Passenger,
LHR,GF 6631,Boeing 777-300ER Passenger,
LHR,AA 103,Boeing 777-300,N725AN
LHR,AY 3773,Boeing 777-300ER Passenger,
LHR,IB 4219,Boeing 777-300ER Passenger,
LHR,BA 1516,Boeing 777-300ER Passenger,G-STBM
LHR,MH 9393,Boeing 777-300ER Passenger,
LHR,AA 6657,Airbus A350-1000,
LHR,BA 139,Airbus A350,G-XWBB
LHR,AA 6865,Airbus A320,
LHR,BA 730,Airbus A320,G-EUYB
LHR,QR 5888,Airbus A320,
LHR,MH 9856,Airbus A320,
LHR,B6 6296,Airbus A320,
LHR,VS 7048,Airbus A321 NEO,PH-AXL
LHR,MF 9780,Airbus A321 NEO,PH-AXL
LHR,DL 9581,Airbus A321 NEO,PH-AXL
LHR,KQ 1010,Airbus A321 NEO,PH-AXL
LHR,6E 3349,Airbus A321 NEO,PH-AXL
LHR,KL 1004,Airbus A321 NEO,PH-AXL
LHR,AA 6792,Airbus A320,
LHR,BA 854,Airbus A320,G-EUUX
LHR,LH 7623,Boeing 777-200 / 200ER Passenger,
LHR,SN 9078,Boeing 777-200 / 200ER Passenger,
LHR,OS 7809,Boeing 777-200 / 200ER Passenger,
LHR,AC 3026,Boeing 777-200 / 200ER Passenger,
LHR,UA 879,Boeing 777-200,N786UA
LHR,LX 3054,Boeing 777-200 / 200ER Passenger,
LHR,BA 884,Airbus A320,G-EUUB
LHR,JL 7829,Airbus A320,
LHR,AA 6707,Airbus A320,
LHR,AA 8037,Airbus A321 NEO,
LHR,EI 155,Airbus A321 NEO,
LHR,BA 5955,Airbus A321 NEO,
LHR,QR 9650,Airbus A321 NEO,
LHR,BA 342,Airbus A320 NEO,G-TTNO
LHR,QR 9725,Airbus A320 NEO,
LHR,AA 7247,Airbus A320 NEO,
LHR,CX 7227,Airbus A320 NEO,
LHR,TP 4289,Airbus A321 NEO,
LHR,B6 1621,Airbus A321 NEO,N4080J
LHR,NZ 4292,Airbus A380-800,
LHR,GA 9127,Airbus A380-800,
LHR,SK 6552,Airbus A380-800,
LHR,AC 6672,Airbus A380-800,
LHR,EY 62,Airbus A380,A6-APF
LHR,QR 6222,Airbus A320,
LHR,AA 6780,Airbus A320,
LHR,B6 6270,Airbus A320,
LHR,BA 358,Airbus A320,G-EUUN
LHR,SQ 2706,Airbus A320 NEO,
LHR,DL 7631,Airbus A320 NEO,
LHR,SK 502,Airbus A321 (Sharklets),EI-SIA
LHR,VN 3056,Airbus A320 NEO,
LHR,VS 5921,Airbus A320 NEO,
LHR,EY 4001,Airbus A320 NEO,
LHR,BA 195,Boeing 787-9,G-ZBKN
LHR,EI 8895,Boeing 787-9,
LHR,IB 3577,Boeing 787-9,
LHR,AY 5495,Boeing 787-9,
LHR,AA 6952,Boeing 787-9,
LHR,EI 8398,Airbus A320 NEO,
LHR,BA 1398,Airbus A320 (Sharklets),G-TTNJ
LHR,AA 7010,Airbus A320 NEO,
LHR,AY 6581,Airbus A320 NEO,
LHR,QR 5949,Airbus A320 NEO,
LHR,VS 4007,Airbus A330-200 Freighter,
LHR,KL 6006,Airbus A330-200 Freighter,
LHR,AF 3666,Airbus A330-200 Freighter,
LHR,DL 2,Airbus A330-200 Freighter,N854NW
LHR,SK 3972,Airbus A330-200 Freighter,
LHR,JL 7837,Airbus A320 NEO,
LHR,AA 6781,Airbus A320 NEO,
LHR,QR 5979,Airbus A320 NEO,
LHR,BA 1330,Airbus A320 NEO,G-TTNZ
LHR,MH 3,Airbus A350,9M-MAE
LHR,FY 7003,Airbus A350-900,
LHR,SQ 5653,Airbus A350-900,
LHR,AA 6778,Airbus A320,
LHR,QR 8362,Airbus A320,
LHR,BA 978,Airbus A320,G-TTOB
LHR,B6 6252,Airbus A320,
LHR,EI 8983,Boeing 777-300ER Passenger,
LHR,IB 3624,Boeing 777-300ER Passenger,
LHR,BA 283,Boeing 777-300,G-STBJ
LHR,AY 5523,Boeing 777-300ER Passenger,
LHR,AA 6955,Boeing 777-300ER Passenger,
LHR,AS 5287,Boeing 777-300ER Passenger,
LHR,BA 65,Airbus A350-1000,G-XWBE
LHR,IB 3517,Airbus A350-1000,
LHR,AA 6653,Airbus A350-1000,
LHR,B6 6258,Airbus A321 NEO,
LHR,BA 810,Airbus A321,G-NEOV
LHR,AA 7197,Airbus A321 NEO,
LHR,CX 1413,Airbus A350-900,
LHR,UL 3201,Airbus A350-900,
LHR,JL 6840,Airbus A350-900,
LHR,VN 3695,Airbus A350-900,
LHR,MH 9150,Airbus A350-900,
LHR,BA 6032,Airbus A350-900,
LHR,AA 9000,Airbus A350-900,
LHR,QF 3803,Airbus A350-900,
LHR,AY 1332,Airbus A350-900,OH-LWS
LHR,BA 694,Airbus A319,G-DBCK
LHR,AA 6643,Airbus A319,
LHR,AA 6958,Airbus A380-800,
LHR,BA 207,Airbus A380-800,G-XLEC
LHR,IB 3584,Airbus A380-800,
LHR,EI 8907,Airbus A380-800,
LHR,AY 5507,Airbus A380-800,
LHR,KU 104,Boeing 777-300ER Passenger,
LHR,UL 3742,Boeing 777-300ER Passenger,
LHR,BA 1366,Airbus A320 NEO,G-TTNU
LHR,QR 5984,Airbus A320 NEO,
LHR,AA 7128,Airbus A320 NEO,
LHR,BT 5629,Airbus A320 NEO,G-TTNC
LHR,BA 570,Airbus A320 (Sharklets),G-TTNC
LHR,AA 6833,Airbus A320 NEO,G-TTNC
LHR,EY 4004,Airbus A320 NEO,
LHR,SQ 2660,Airbus A320 NEO,
LHR,VN 3086,Airbus A320 NEO,
LHR,SK 804,Airbus A320 NEO,SE-RUP
LHR,VS 5925,Airbus A320 NEO,
LHR,DL 7632,Airbus A320 NEO,
LHR,BA 75,Boeing 787-10,G-ZBLL
LHR,AA 6845,Boeing 787-10,
LHR,AY 5905,Boeing 787-10,
LHR,QR 6262,Boeing 777-200 / 200ER Passenger,
LHR,BA 255,Boeing 777-200,G-VIIG
LHR,AC 6745,Boeing 737 MAX 8,
LHR,SQ 2372,Boeing 737 MAX 8,
LHR,AI 7762,Boeing 737 MAX 8,
LHR,LO 282,Boeing 737 MAX 8,SP-LYB
LHR,IB 3662,Airbus A319,
LHR,BA 480,Airbus A319,G-DBCA
LHR,AA 6818,Airbus A319,
LHR,IB 4915,Boeing 777-300ER Passenger,
LHR,AA 21,Boeing 777-300,N731AN
LHR,AY 3741,Boeing 777-300ER Passenger,
LHR,GF 4188,Boeing 777-300ER Passenger,
LHR,BA 1590,Boeing 777-300ER Passenger,
LHR,AA 6944,Boeing 777-200 / 200ER Passenger,
LHR,AY 5485,Boeing 777-200 / 200ER Passenger,
LHR,BA 185,Boeing 777-200 / 200ER Passenger,G-VIID
LHR,IB 3569,Boeing 777-200 / 200ER Passenger,
LHR,EI 8885,Boeing 777-200 / 200ER Passenger,
LHR,LY 416,Boeing 777-200 / 200ER Passenger,4X-ECE
LHR,JL 9420,Airbus A320 NEO,
LHR,IB 714,Airbus A320 NEO,EC-NJY
LHR,VY 5230,Airbus A320 NEO,
LHR,BA 7055,Airbus A320 NEO,
LHR,TP 8401,Airbus A380-800,
LHR,AC 5875,Airbus A380-800,
LHR,SK 8037,Airbus A380-800,
LHR,FJ 5958,Airbus A380-800,
LHR,SQ 317,Airbus A380-800,9V-SKQ
LHR,MH 5719,Airbus A380-800,
LHR,NZ 3317,Airbus A380-800,
LHR,AY 5928,Airbus A320,
LHR,CX 7105,Airbus A320,
LHR,AA 7190,Airbus A320,
LHR,BA 778,Airbus A320,G-EUUU
LHR,QR 8350,Airbus A320,
LHR,JL 6543,Airbus A320,
LHR,IB 3676,Airbus A320,
LHR,SN 2094,Airbus A320 NEO,OO-SBD
LHR,SQ 2824,Airbus A320 NEO,
LHR,NH 5166,Airbus A320 NEO,
LHR,UA 9905,Airbus A320 NEO,
LHR,AC 6315,Airbus A320 NEO,
LHR,BA 5989,Airbus A320 NEO,
LHR,EI 915,Airbus A320 NEO,EI-NSE
LHR,QR 8238,Airbus A320 NEO,
LHR,VN 56,Boeing 787-9,VN-A861
LHR,K6 3056,Boeing 787-9,
LHR,AF 9902,Airbus A350-1000,
LHR,KL 4806,Airbus A350-1000,
LHR,DL 5999,Airbus A350-1000,
LHR,VS 103,Airbus A350,G-VLUX
LHR,DL 51,Airbus A330-200 Freighter,N852NW
LHR,KL 6116,Airbus A330-200 Freighter,
LHR,VS 4019,Airbus A330-200 Freighter,
LHR,SK 3987,Airbus A330-200 Freighter,
LHR,AF 3678,Airbus A330-200 Freighter,
LHR,VS 91,Airbus A350,G-VPOP
LHR,KL 2518,Airbus A350-1000,
LHR,AF 6750,Airbus A350-1000,
LHR,DL 5971,Airbus A350-1000,
LHR,BA 1306,Airbus A320,G-TNEC
LHR,AY 6573,Airbus A320,
LHR,QF 3563,Airbus A320,
LHR,MH 9680,Airbus A320,
LHR,QR 5999,Airbus A320,
LHR,CX 7218,Airbus A320,
LHR,JL 7739,Airbus A320,
LHR,AA 7235,Airbus A320,
LHR,LH 903,Airbus A320 (Sharklets),D-AINC
LHR,UA 8728,Airbus A320 NEO,D-AINC
LHR,BA 678,Airbus A320 NEO,G-TTNT
LHR,AA 7214,Airbus A320 NEO,
LHR,B6 6282,Airbus A321 NEO,
LHR,BA 436,Airbus A321,G-NEOT
LHR,AA 6883,Airbus A321 NEO,
LHR,QR 9782,Airbus A321 NEO,
LHR,AA 7004,Boeing 787-10,
LHR,BA 295,Boeing 787-10,G-ZBLK
LHR,IB 3634,Boeing 787-10,
LHR,AS 5285,Boeing 787-10,
LHR,AY 5535,Boeing 787-10,
LHR,EI 8995,Boeing 787-10,
LHR,UA 9230,Airbus A320 NEO,
LHR,LH 2473,Airbus A321 (Sharklets),D-AINI
LHR,UA 928,Boeing 767-300,N658UA
LHR,SN 9087,Boeing 767-300 Passenger (winglets),
LHR,LX 3058,Boeing 767-300 Passenger (winglets),
LHR,OS 7853,Boeing 767-300 Passenger (winglets),
LHR,AC 5365,Boeing 767-300 Passenger (winglets),
LHR,CX 252,Boeing 777,B-KQW
LHR,QF 3511,Airbus A321 NEO,
LHR,BA 1310,Airbus A321 NEO,G-EUUJ
LHR,AA 6839,Airbus A321 NEO,
LHR,VS 7,Boeing 787-9,G-VOOH
LHR,DL 5979,Boeing 787-9,
LHR,KL 2514,Boeing 787-9,
LHR,AF 6756,Boeing 787-9,
LHR,MH 9401,Boeing 777-300ER Passenger,
LHR,BA 1525,Boeing 777-300ER Passenger,
LHR,AA 57,Boeing 777-300,N726AN
LHR,AY 3753,Boeing 777-300ER Passenger,
LHR,GF 6744,Boeing 777-300ER Passenger,
LHR,IB 4024,Boeing 777-300ER Passenger,
LHR,LH 6588,Boeing 777-300ER Passenger,
LHR,ET 1140,Boeing 777-300ER Passenger,
LHR,UA 8203,Boeing 777-300ER Passenger,
LHR,UL 2855,Boeing 777-300ER Passenger,
LHR,OS 8289,Boeing 777-300ER Passenger,
LHR,AC 855,Boeing 777-300ER,C-FITU
LHR,TG 5804,Boeing 777-300ER Passenger,
LHR,UA 8736,Airbus A320 NEO,D-AINJ
LHR,LH 905,Airbus A320 NEO,D-AINJ
LHR,VS 6661,Airbus A220-300,
LHR,UU 8581,Airbus A220-300,
LHR,DL 8280,Airbus A220-300,
LHR,MK 9511,Airbus A220-300,
LHR,AM 5816,Airbus A220-300,
LHR,KQ 3903,Airbus A220-300,
LHR,AF 1581,Airbus A220-300,
LHR,AA 6661,Airbus A350-1000,
LHR,BA 143,Airbus A350-1000,G-XWBJ
LHR,VS 4041,Airbus A330-900 NEO,
LHR,SK 3983,Airbus A330-900 NEO,
LHR,AF 3554,Airbus A330-900 NEO,
LHR,DL 9,Airbus A330-900,N416DX
LHR,KL 6111,Airbus A330-900 NEO,
LHR,AA 7117,Airbus A320 NEO,
LHR,BA 390,Airbus A320 NEO,G-TTSD
LHR,CX 7118,Airbus A320 NEO,
LHR,QR 6210,Airbus A320 NEO,
LHR,B6 6286,Airbus A320 NEO,
LHR,MH 9828,Airbus A321 NEO,
LHR,IB 3734,Airbus A321 NEO,
LHR,QR 6271,Airbus A321 NEO,
LHR,AA 7223,Airbus A321 NEO,
LHR,AY 5941,Airbus A321 NEO,
LHR,BA 1446,Airbus A321 NEO,
LHR,AA 6673,Airbus A319,
LHR,BA 578,Airbus A319,G-EUPS
LHR,BA 7069,Airbus A320 NEO,
LHR,VY 5003,Airbus A320 NEO,
LHR,AA 8603,Airbus A320 NEO,
LHR,IB 716,Airbus A320 NEO,EC-NTI
LHR,LA 1540,Airbus A320 NEO,
LHR,BA 812,Airbus A320 (Sharklets),G-TTNE
LHR,QR 8339,Airbus A320 NEO,
LHR,AA 7099,Airbus A320 NEO,
LHR,CX 7199,Airbus A320 NEO,
LHR,AY 5898,Airbus A320 NEO,
LHR,BA 173,Boeing 777-200,G-VIIA
LHR,AS 5257,Boeing 777-200 / 200ER Passenger,
LHR,EI 8873,Boeing 777-200 / 200ER Passenger,
LHR,AY 5473,Boeing 777-200 / 200ER Passenger,
LHR,IB 3559,Boeing 777-200 / 200ER Passenger,
LHR,AA 6934,Boeing 777-200 / 200ER Passenger,
LHR,SN 9024,Boeing 787-9,
LHR,LX 3046,Boeing 787-9,
LHR,LH 7500,Boeing 787-9,
LHR,AC 4051,Boeing 787-9,
LHR,UA 26,Boeing 787-9,N19986
LHR,OS 7992,Boeing 787-9,
LHR,B6 6298,Airbus A320 NEO,
LHR,BA 964,Airbus A320 NEO,G-TTNV
LHR,QR 8300,Airbus A320 NEO,
LHR,AA 6840,Airbus A320 NEO,
LHR,AA 6820,Airbus A320 NEO,
LHR,BA 482,Airbus A320 NEO,G-TTSA
LHR,MH 9704,Airbus A320 NEO,
LHR,JL 7743,Airbus A320 NEO,
LHR,IB 3664,Airbus A320 NEO,
LHR,AA 6735,Airbus A320 (sharklets),
LHR,BA 902,Airbus A320 (Sharklets),G-EUYO
LHR,QR 9718,Airbus A320 (sharklets),G-EUYO
LHR,B6 6262,Airbus A320 (sharklets),G-EUYO
LHR,BA 1480,Airbus A319,G-EUPJ
LHR,AY 6587,Airbus A319,
LHR,AA 6760,Airbus A319,
LHR,QR 6290,Airbus A319,
LHR,TK 1980,Airbus A350-900,TC-LGV
LHR,UA 6919,Airbus A350-900,
LHR,BR 3555,Airbus A350-900,
LHR,PK 5980,Airbus A350-900,
LHR,3U 7204,Airbus A350-900,
LHR,6E 4062,Airbus A350-900,
LHR,B6 6904,Airbus A350-900,
LHR,AF 9649,Boeing 787-9,
LHR,DL 5965,Boeing 787-9,
LHR,NZ 4161,Boeing 787-9,
LHR,VS 19,Boeing 787-9,G-VAHH
LHR,KL 4808,Boeing 787-9,
LHR,MH 9668,Airbus A320 NEO,
LHR,AA 7213,Airbus A320 NEO,
LHR,BA 308,Airbus A320 NEO,G-TTNN
LHR,QR 8298,Airbus A320 NEO,
JFK,LVL 28JW,Airbus A330,EC-ODA
JFK,LP 2469,Boeing 767-300,CC-CWY
JFK,IB 326,Airbus A330-300,EC-LUX
JFK,CX 85,Boeing 747-8,B-LJE
JFK,BA 182,Boeing 777-200,G-VIIN
JFK,B6 1305,Airbus A320,N649JB
JFK,B6 1118,BCS3,N3162J
JFK,KE 86,Boeing 777,HL8208
JFK,AV 7397,Airbus A320 NEO,
JFK,CI 11,Boeing 777,B-18001
JFK,QR 8378,Boeing 777,A7-BTA
JFK,2K 7397,Airbus A320 (Sharklets),N775AV
JFK,B6 1817,Airbus A321 NEO,N2017J
JFK,LA 1453,Airbus A320,
JFK,BR 31,Boeing 777,B-16719
JFK,TK 12,Boeing 787-9,TC-LMC
JFK,AZ 6KC,Airbus A330,EI-HPA
JFK,AV 245,Airbus A320 NEO,N919AV
JFK,AS 2606,Airbus A330-300,N4663K
JFK,QX 2606,Airbus A330-300,N4663K
JFK,DSS 2,Unknown,D-SS2
JFK,JL 3,Airbus A350-1000,JA02WJ
JFK,N2 87LS,Beechcraft 400,N287LS
JFK,AV 7393,Airbus A320 NEO,
JFK,CX 843,Airbus A350-1000,B-LXQ
JFK,2K 7393,Airbus A320 NEO,N776AV
JFK,CM 807,Boeing 737-800,HP-1833CMP
JFK,AF 11,Airbus A350-900,F-HUVR
JFK,XL 1453,Airbus A320 NEO,CC-BHG
JFK,NH 159,Boeing 777-300,JA784A
JFK,PR 127,Airbus A350-1000,RP-C3510
JFK,CM 815,Boeing 737-800,HP-1730
JFK,MB 1548,Airbus A330-300,TC-MCP
JFK,AV 571,Airbus A320,N426AV
JFK,2K 7395,Airbus A320 NEO,N818AV
JFK,AV 7395,Airbus A320 NEO,
JFK,5Y 8569,Boeing 747-400,N438GT
JFK,KJ 587,Boeing 747,HL7620
JFK,B6 937,Airbus A321 NEO,N2084J
JFK,B6 1359,Airbus A320,
JFK,BW 527,Boeing 737 MAX 8,9Y-GRN
JFK,B6 1603,Airbus A320,N633JB
JFK,B6 309,Airbus A321,N952JB
JFK,N2 87LS,Beechcraft 400,N287LS
JFK,B6 123,Airbus A321 NEO,N2151J
JFK,DL 2286,Boeing 737,N845DN
JFK,B6 1,Airbus A321,N2029J
JFK,F9 4817,Airbus A321 NEO,N648FR
JFK,B6 411,Airbus A321,N986JB
JFK,DL 5765,Embraer 175,N232JQ
JFK,AA 1032,Boeing 737-800,N970NN
JFK,AA 171,Airbus A321 (Sharklets),N116AN
JFK,B6 118,Airbus A320,N603JB
JFK,O3 182,Boeing 747-400,B-2423
JFK,DL 892,Airbus A321 NEO,N596DT
JFK,B6 1057,Airbus A321,
JFK,AA 1487,Boeing 737-800,N926NN
JFK,8C 3324,Boeing 767-300,N317AZ
JFK,B6 583,Airbus A321,N996JL
JFK,B6 869,Airbus A321,N959JB
JFK,AA 4543,Embraer 175,N134HQ
JFK,AA 2045,Boeing 737-800,N927NN
JFK,B6 2725,Airbus A320,N760JB
JFK,B6 137,Airbus A220-300,N3267J
JFK,B6 1173,Airbus A220-300,N3242J
JFK,B6 519,Airbus A320,N625JB
JFK,LY 1108,Boeing 787-9,
JFK,AV 659,Airbus A320 NEO,
JFK,1I 891,Hawker 800,N891QS
JFK,DL 2018,Boeing 737-800,N3765
JFK,LR 659,Airbus A320,N446AV
JFK,AA 1,Boeing 787-8,
JFK,B6 523,Airbus A320,N580JB
JFK,AA 2138,Airbus A321,N139AN
JFK,AA 3043,Boeing 737-800,N993NN
JFK,B6 1153,Airbus A320,N554JB
JFK,DL 668,Boeing 767-300,N187DN
JFK,AA 1,Boeing 787-8,N813AN
JFK,AA 1349,Boeing 737 MAX 8,N305UG
JFK,B6 779,Airbus A321,N973JT
JFK,AS 21,Boeing 737 MAX 9,N720AL
JFK,B6 2223,Airbus A321,N982JB
JFK,DL 2320,Airbus A319,N339NB
JFK,DL 742,Boeing 767-300,N1200K
JFK,B6 677,Airbus A220-300,N3271J
JFK,DL 1406,Boeing 737,N926DZ
JFK,AV 43,Airbus A320 (Sharklets),N562AV
JFK,DL 1422,Airbus A321 NEO,N590DT
JFK,DL 1528,Boeing 737,N921DU
JFK,AA 763,Embraer 170,N655RW
JFK,DL 2049,Airbus A321,N124DX
JFK,AA 816,Boeing 737-800,N963NN
JFK,B6 1386,Airbus A220-300,N3113J
JFK,DL 1887,Boeing 757-200,N6705Y
JFK,DL 5080,Canadair CRJ 900,N907XJ
JFK,AV 21,Airbus A320 NEO,N766AV
JFK,DL 5052,Canadair CRJ 900,N601LR
JFK,DL 2042,Boeing 737-800,N393DA
JFK,B6 15,Airbus A321,N991JT
JFK,B6 1257,Airbus A321,N997JL
JFK,DL 4729,Airbus A321,N373DX
JFK,B6 285,Airbus A320,N661JB
JFK,AA 2995,Boeing 737 MAX 8,N348TU
JFK,DL 699,Airbus A321 NEO,N506DA
JFK,5X 2115,Boeing 767-300,N338UP
JFK,BW 553,Boeing 737-800,9Y-ANT
JFK,AA 2379,Airbus A319,N9015D
JFK,AA 2017,Boeing 777-200,N762AN
JFK,DL 5483,Canadair CRJ 900,N182GJ
JFK,D0 367,Boeing 767-300,G-DHLO
JFK,AA 1444,Airbus A319,N827AW
JFK,1I 884,Hawker 800,N884QS
JFK,B6 1602,Airbus A220-300,N3156J
JFK,DL 1166,Boeing 737-800,N3736C
JFK,DL 795,Airbus A321 NEO,N535DN
JFK,B6 1803,Airbus A320,N637JB
JFK,B6 2301,Airbus A321,N972JT
JFK,DL 1368,Airbus A319,N362NB
JFK,AA 3210,Boeing 737-800,N323RM
JFK,B6 1297,Airbus A220-300,
JFK,DL 791,Airbus A321 NEO,N503DZ
JFK,DL 621,Airbus A321 NEO,N539DN
JFK,AA 1630,Boeing 737 MAX 8,N317UW
JFK,FX 644,Boeing 767-300,N168FE
JFK,B6 183,Airbus A320,N779JB
JFK,DL 1891,Airbus A321 NEO,N512DE
JFK,B6 289,Airbus A321,N969JT
JFK,DL 1955,Boeing 737,N895DN
JFK,DL 613,Airbus A321 NEO,N521DT
JFK,DL 2227,Boeing 757-200,N710TW
JFK,DL 1966,Airbus A321 NEO,N540DE
JFK,B6 1691,Airbus A321 NEO,N2102J
JFK,DL 1845,Airbus A321 NEO,N511DE
JFK,DL 5223,Bombardier CRJ900,
JFK,B6 1273,BCS3,N3196J
JFK,AA 4552,Embraer 175,N424YX
JFK,AA 860,Boeing 737-800,N830NN
JFK,AA 4788,Embraer 175,N123HQ
JFK,5C 982,Boeing 747,4X-ICA
JFK,DL 4933,Canadair CRJ 900,N186PQ
JFK,DL 5750,Embraer 175,
JFK,B6 623,Airbus A321 NEO,N2086J
JFK,N4 11EP,Cirrus SR-22,N411EP
JFK,DL 1907,Airbus A321 NEO,N580DT
JFK,B6 1137,Airbus A320,
JFK,B6 511,Airbus A320,
JFK,B6 786,Airbus A220-300,
JFK,AA 4376,Embraer 175,N125HQ
JFK,AA 2646,Boeing 737-800,N323SG
JFK,DL 5207,Canadair CRJ 900,N133EV
JFK,DL 5053,Canadair CRJ 900,N936XJ
JFK,DL 1994,Airbus A321 NEO,N508DA
JFK,DL 625,Boeing 757-200,N687DL
JFK,AA 76,Airbus A321 (Sharklets),N104NN
JFK,DL 532,Boeing 737,N899DN
JFK,AA 4538,Embraer 175,N423YX
JFK,HA 829,Airbus A330-200,N375HA
JFK,AS 829,Airbus A330-200,N375HA
JFK,DL 2019,Airbus A321 NEO,N591DT
JFK,AA 3085,Airbus A321 (Sharklets),N117AN
JFK,DL 2119,Boeing 737-900,
JFK,B6 1111,Airbus A320,N594JB
JFK,DL 596,BCS1,N103DU
JFK,B6 751,Airbus A321 (Sharklets),N913JB
JFK,B6 627,Airbus A220-300,N3118J
JFK,DL 683,Airbus A321 NEO,N550DN
JFK,B6 1601,Airbus A220-300,N3276J
JFK,B6 318,Airbus A220-300,N3280J
JFK,DL 713,Boeing 767-300,N196DN
JFK,B6 679,Airbus A220-300,
JFK,DL 1917,Airbus A321 NEO,N541DE
JFK,DL 4919,Canadair CRJ 900,N336PQ
JFK,DL 5165,Canadair CRJ 900,N348PQ
JFK,BA 178,Boeing 777-200,G-VIIB
JFK,B6 1641,Airbus A320,N715JB
JFK,DL 4985,Canadair CRJ 900,N292PQ
JFK,DL 5097,Canadair CRJ 900,N929XJ
JFK,DL 1930,Boeing 757-200,N6706Q
JFK,B6 841,Airbus A320,N729JB
JFK,AA 255,Airbus A321 (Sharklets),N112AN
JFK,D0 816,Boeing 767-300,G-DHLR
JFK,B6 121,Airbus A220-300,N3185J
JFK,AA 3092,Airbus A319,N8030F
JFK,DL 5341,Bombardier CRJ900,
JFK,VS 26,Boeing 787-9,G-VOWS
JFK,B6 1867,Airbus A220-300,N3152J
JFK,B6 1867,Airbus A220-300,N3152J
JFK,AA 179,Airbus A321 (Sharklets),N106NN
JFK,B6 1533,Airbus A321,N958JB
JFK,B6 1639,Airbus A320,N629JB
JFK,CM 803,Boeing 737-800,HP-1825
JFK,DL 5223,Canadair CRJ 900,N925XJ
JFK,B6 1515,Airbus A321,N988JT
JFK,B6 323,Airbus A321,N977JE
JFK,DL 5330,Canadair CRJ 900,N930XJ
JFK,N1 873,Embraer Phenom 300,N1873
JFK,B6 2902,Airbus A220-300,
JFK,B6 1817,Airbus A321,
JFK,DL 4725,Bombardier CRJ900,
JFK,GB 880,Boeing 767,N371CM
JFK,B6 1793,Airbus A321,N2060J
JFK,DL 5007,Canadair CRJ 900,N309PQ
JFK,DL 917,Airbus A321 NEO,N601DT
JFK,AS 248,Boeing 737 MAX 9,N938AK
JFK,DL 1503,Boeing 767-300,N178DZ
JFK,AA 3189,Boeing 737-800,N876NN
JFK,AS 208,Boeing 737-900,N915AK
JFK,AC 8553,Embraer 175,C-FEJC
JFK,B6 1029,Airbus A220-300,N3261J
JFK,B6 1029,Airbus A220-300,N3261J
JFK,B6 1569,Airbus A320,N653JB
JFK,DL 5811,Embraer 175,N245JQ
JFK,B6 479,Airbus A220-300,N3132J
JFK,DL 556,Airbus A319,N345NB
JFK,DL 5015,Canadair CRJ 900,N922XJ
JFK,B6 557,Airbus A320,N509JB
JFK,DL 5733,Embraer 175,N242JQ
JFK,B6 2105,Airbus A220-300,N3194J
JFK,AA 4443,Embraer 175,N136HQ
JFK,B6 1271,Airbus A220-300,N3112J
JFK,DL 4806,Canadair CRJ 900,N324PQ
JFK,DL 5018,Canadair CRJ 900,N311PQ
JFK,F9 4731,Airbus A321 NEO,N621FR
JFK,B6 1169,Airbus A321,
JFK,DL 5135,Bombardier CRJ900,
JFK,DL 4719,Bombardier CRJ900,
JFK,B6 9,Airbus A320,
JFK,B6 2661,Airbus A321,N949JT
JFK,DL 4976,Canadair CRJ 900,N335PQ
JFK,B6 1003,Airbus A220-300,N3085J
JFK,DL 5316,Canadair CRJ 900,N331PQ
JFK,DL 5649,Embraer 175,N234JQ
JFK,AA 4708,Embraer 175,N407YX
JFK,B6 1587,Airbus A321 (Sharklets),N905JB
JFK,DL 5052,Canadair CRJ 900,N601LR
JFK,9E 5052,Canadair CRJ 900,N601LR
JFK,B6 765,Airbus A320,N763JB
JFK,B6 881,Airbus A321,N971JT
JFK,DL 773,Boeing 767-300,N194DN
JFK,AC 8899,Embraer 175,C-FXJF
JFK,B6 1851,Airbus A321 (Sharklets),N907JB
JFK,B6 509,Airbus A320,N657JB
JFK,AA 2819,Boeing 737-800,N824NN
JFK,B6 1715,Airbus A320,N649JB
JFK,B6 1107,Airbus A321 NEO,N4073J
JFK,B6 2181,Airbus A320,N644JB
JFK,CX 841,Airbus A350,B-LXF
JFK,AA 3199,Airbus A319,N747UW
JFK,B6 2983,Airbus A320,N593JB
JFK,B6 1451,Airbus A320,
JFK,DL 2870,Boeing 737-900,
JFK,F9 2503,Boeing 767-300,
JFK,B6 85,Airbus A320,N592JB
JFK,DL 4730,Embraer 175,N110SY
JFK,AA 2456,Boeing 737-800,N315PE
JFK,AA 4509,Embraer 175,N121HQ
JFK,B6 255,Airbus A320,N794JB
JFK,AA 1327,Boeing 737,N314RH
JFK,DL 4752,Bombardier CRJ900,
JFK,QR 704,Boeing 777-300ER,
JFK,DL 1,Airbus A330-200,N860NW
JFK,K4 255,Boeing 777,N776CK
JFK,B6 2511,Airbus A321 NEO,N2105J
JFK,DL 5370,Canadair CRJ 900,N602LR
JFK,DL 4724,Bombardier CRJ900,
JFK,B6 2473,Airbus A220-300,
JFK,N1 873,Embraer Phenom 300,N1873
JFK,AA 167,Boeing 787-9,N839AA
JFK,SY 568,Boeing 737-800,
JFK,AA 142,Boeing 777-200,N751AN
JFK,DL 363,Boeing 757-200,N709TW
JFK,DL 48,Airbus A330,N807NW
JFK,B6 887,Airbus A320,
JFK,DL 4901,Canadair CRJ 900,N931XJ
JFK,DL 5801,Embraer 175,N231JQ
JFK,DL 305,Airbus A321,N120DN
JFK,DL 767,Boeing 767-300,N176DZ
JFK,B6 2101,Airbus A220-300,N3065J
JFK,DL 1514,Boeing 737,N835DN
JFK,AA 4446,Embraer 175,N432YX
JFK,DL 2985,Boeing 737,N842DN
JFK,AS 227,Boeing 737,N266AK
JFK,DL 807,Airbus A321 NEO,N599DA
JFK,AA 688,Boeing 737 MAX 8,N318UX
JFK,AS 23,Boeing 737-800,N528AS
JFK,DL 2775,Boeing 737-800,N3771K
JFK,AA 4527,Embraer 170,N855RW
JFK,F9 1809,Airbus A320 NEO,N375FR
